training time (min:sec),HR,State
- 0:02,0.0,
- 0:01,,
0:00,,0x0
0:01,,0x0
0:02,,0x0
0:03,,0x0
0:04,,0x0
0:05,,0x0
0:06,,0x0
0:07,80.0,0x0
0:08,84.0,0x2
0:09,86.0,0x2
0:10,86.0,0x2
0:11,86.0,0x2
0:12,86.0,0x2
0:13,88.0,0x2
0:14,89.0,0x2
0:15,89.0,0x2
0:16,89.0,0x2
0:17,91.0,0x2
0:18,91.0,0x2
0:19,90.0,0x2
0:20,90.0,0x2
0:21,88.0,0x2
0:22,88.0,0x2
0:23,88.0,0x2
0:24,88.0,0x2
0:25,87.0,0x2
0:26,88.0,0x2
0:27,88.0,0x2
0:28,87.0,0x2
0:29,87.0,0x2
0:30,88.0,0x2
0:31,90.0,0x2
0:32,92.0,0x2
0:33,93.0,0x2
0:34,94.0,0x2
0:35,94.0,0x2
0:36,93.0,0x2
0:37,92.0,0x2
0:38,91.0,0x2
0:39,91.0,0x2
0:40,91.0,0x0
0:41,91.0,0x2
0:42,92.0,0x2
0:43,93.0,0x2
0:44,94.0,0x2
0:45,94.0,0x2
0:46,95.0,0x2
0:47,95.0,0x2
0:48,95.0,0x2
0:49,95.0,0x2
0:50,95.0,0x2
0:51,94.0,0x2
0:52,95.0,0x2
0:53,95.0,0x2
0:54,95.0,0x2
0:55,95.0,0x2
0:56,97.0,0x2
0:57,97.0,0x2
0:58,98.0,0x2
0:59,99.0,0x2
1:00,99.0,0x2
1:01,99.0,0x2
1:02,99.0,0x2
1:03,99.0,0x2
1:04,98.0,0x2
1:05,97.0,0x2
1:06,97.0,0x2
1:07,96.0,0x2
1:08,95.0,0x2
1:09,95.0,0x2
1:10,94.0,0x2
1:11,94.0,0x2
1:12,95.0,0x2
1:13,95.0,0x2
1:14,95.0,0x2
1:15,95.0,0x2
1:16,96.0,0x2
1:17,96.0,0x2
1:18,97.0,0x2
1:19,97.0,0x2
1:20,97.0,0x2
1:21,97.0,0x2
1:22,98.0,0x2
1:23,98.0,0x2
1:24,99.0,0x2
1:25,99.0,0x2
1:26,99.0,0x2
1:27,99.0,0x2
1:28,100.0,0x2
1:29,100.0,0x2
1:30,100.0,0x2
1:31,100.0,0x2
1:32,100.0,0x2
1:33,100.0,0x2
1:34,100.0,0x2
1:35,101.0,0x2
1:36,100.0,0x2
1:37,100.0,0x2
1:38,100.0,0x2
1:39,98.0,0x2
1:40,98.0,0x2
1:41,97.0,0x2
1:42,97.0,0x2
1:43,97.0,0x2
1:44,97.0,0x2
1:45,97.0,0x2
1:46,97.0,0x2
1:47,96.0,0x2
1:48,96.0,0x2
1:49,96.0,0x2
1:50,96.0,0x2
1:51,97.0,0x2
1:52,97.0,0x2
1:53,97.0,0x2
1:54,97.0,0x2
1:55,96.0,0x2
1:56,96.0,0x2
1:57,96.0,0x2
1:58,96.0,0x2
1:59,97.0,0x2
2:00,97.0,0x2
2:01,96.0,0x2
2:02,96.0,0x2
2:03,96.0,0x2
2:04,95.0,0x2
2:05,96.0,0x2
2:06,95.0,0x2
2:07,96.0,0x2
2:08,96.0,0x2
2:09,96.0,0x2
2:10,96.0,0x2
2:11,95.0,0x2
2:12,95.0,0x2
2:13,95.0,0x2
2:14,98.0,0x2
2:15,99.0,0x2
2:16,101.0,0x2
2:17,101.0,0x2
2:18,100.0,0x2
2:19,99.0,0x2
2:20,98.0,0x2
2:21,97.0,0x2
2:22,96.0,0x2
2:23,96.0,0x2
2:24,96.0,0x2
2:25,96.0,0x2
2:26,96.0,0x2
2:27,96.0,0x2
2:28,97.0,0x2
2:29,97.0,0x2
2:30,98.0,0x2
2:31,99.0,0x2
2:32,99.0,0x2
2:33,99.0,0x2
2:34,99.0,0x2
2:35,99.0,0x2
2:36,97.0,0x2
2:37,97.0,0x2
2:38,96.0,0x2
2:39,96.0,0x2
2:40,95.0,0x2
2:41,96.0,0x2
2:42,96.0,0x2
2:43,96.0,0x2
2:44,96.0,0x2
2:45,97.0,0x2
2:46,97.0,0x2
2:47,96.0,0x2
2:48,97.0,0x2
2:49,97.0,0x2
2:50,97.0,0x2
2:51,97.0,0x2
2:52,97.0,0x2
2:53,98.0,0x2
2:54,98.0,0x2
2:55,99.0,0x2
2:56,100.0,0x2
2:57,101.0,0x2
2:58,100.0,0x2
2:59,100.0,0x2
3:00,100.0,0x2
3:01,99.0,0x2
3:02,99.0,0x2
3:03,100.0,0x2
3:04,100.0,0x2
3:05,100.0,0x2
3:06,101.0,0x2
3:07,101.0,0x2
3:08,102.0,0x2
3:09,103.0,0x2
3:10,103.0,0x2
3:11,103.0,0x2
3:12,103.0,0x2
3:13,101.0,0x2
3:14,101.0,0x2
3:15,100.0,0x2
3:16,101.0,0x2
3:17,100.0,0x2
3:18,101.0,0x2
3:19,101.0,0x2
3:20,102.0,0x2
3:21,101.0,0x2
3:22,101.0,0x2
3:23,100.0,0x2
3:24,100.0,0x2
3:25,100.0,0x2
3:26,100.0,0x2
3:27,100.0,0x2
3:28,102.0,0x2
3:29,101.0,0x2
3:30,102.0,0x2
3:31,101.0,0x2
3:32,101.0,0x2
3:33,100.0,0x2
3:34,100.0,0x2
3:35,100.0,0x2
3:36,102.0,0x2
3:37,102.0,0x2
3:38,102.0,0x2
3:39,102.0,0x2
3:40,102.0,0x2
3:41,102.0,0x2
3:42,102.0,0x2
3:43,101.0,0x2
3:44,100.0,0x2
3:45,101.0,0x2
3:46,101.0,0x2
3:47,101.0,0x2
3:48,102.0,0x2
3:49,103.0,0x2
3:50,102.0,0x2
3:51,102.0,0x2
3:52,102.0,0x2
3:53,101.0,0x2
3:54,100.0,0x2
3:55,100.0,0x2
3:56,101.0,0x2
3:57,102.0,0x2
3:58,102.0,0x2
3:59,103.0,0x2
4:00,103.0,0x2
4:01,102.0,0x2
4:02,102.0,0x2
4:03,102.0,0x2
4:04,103.0,0x2
4:05,103.0,0x2
4:06,103.0,0x2
4:07,103.0,0x2
4:08,103.0,0x2
4:09,102.0,0x2
4:10,102.0,0x2
4:11,103.0,0x2
4:12,102.0,0x2
4:13,101.0,0x2
4:14,101.0,0x2
4:15,101.0,0x2
4:16,99.0,0x2
4:17,100.0,0x2
4:18,100.0,0x2
4:19,100.0,0x2
4:20,101.0,0x2
4:21,102.0,0x2
4:22,102.0,0x2
4:23,103.0,0x2
4:24,103.0,0x2
4:25,104.0,0x2
4:26,103.0,0x2
4:27,104.0,0x2
4:28,103.0,0x2
4:29,103.0,0x2
4:30,103.0,0x2
4:31,103.0,0x2
4:32,103.0,0x2
4:33,103.0,0x2
4:34,102.0,0x2
4:35,102.0,0x2
4:36,102.0,0x2
4:37,102.0,0x2
4:38,102.0,0x2
4:39,102.0,0x2
4:40,102.0,0x2
4:41,102.0,0x2
4:42,102.0,0x2
4:43,103.0,0x2
4:44,103.0,0x2
4:45,104.0,0x2
4:46,105.0,0x2
4:47,105.0,0x2
4:48,105.0,0x2
4:49,105.0,0x2
4:50,106.0,0x2
4:51,106.0,0x2
4:52,106.0,0x2
4:53,106.0,0x2
4:54,105.0,0x2
4:55,104.0,0x2
4:56,103.0,0x2
4:57,103.0,0x2
4:58,103.0,0x2
4:59,105.0,0x2
5:00,105.0,0x2
5:01,106.0,0x2
5:02,105.0,0x2
5:03,104.0,0x2
5:04,103.0,0x2
5:05,102.0,0x2
5:06,101.0,0x2
5:07,100.0,0x2
5:08,101.0,0x2
5:09,101.0,0x2
5:10,101.0,0x2
5:11,101.0,0x2
5:12,100.0,0x2
5:13,100.0,0x2
5:14,100.0,0x2
5:15,100.0,0x2
5:16,101.0,0x2
5:17,101.0,0x2
5:18,101.0,0x2
5:19,101.0,0x2
5:20,101.0,0x2
5:21,101.0,0x2
5:22,101.0,0x2
5:23,101.0,0x2
5:24,101.0,0x2
5:25,101.0,0x2
5:26,100.0,0x2
5:27,101.0,0x2
5:28,100.0,0x2
5:29,100.0,0x2
5:30,101.0,0x2
5:31,101.0,0x2
5:32,101.0,0x2
5:33,101.0,0x2
5:34,101.0,0x2
5:35,101.0,0x2
5:36,101.0,0x2
5:37,101.0,0x2
5:38,102.0,0x2
5:39,102.0,0x2
5:40,103.0,0x2
5:41,103.0,0x2
5:42,103.0,0x2
5:43,103.0,0x2
5:44,103.0,0x2
5:45,103.0,0x2
5:46,102.0,0x2
5:47,102.0,0x2
5:48,102.0,0x2
5:49,102.0,0x2
5:50,101.0,0x2
5:51,102.0,0x2
5:52,102.0,0x2
5:53,103.0,0x2
5:54,102.0,0x2
5:55,102.0,0x2
5:56,102.0,0x2
5:57,102.0,0x2
5:58,101.0,0x2
5:59,101.0,0x2
6:00,101.0,0x2
6:01,101.0,0x2
6:02,101.0,0x2
6:03,102.0,0x2
6:04,103.0,0x2
6:05,102.0,0x2
6:06,103.0,0x2
6:07,103.0,0x2
6:08,104.0,0x2
6:09,103.0,0x2
6:10,103.0,0x2
6:11,103.0,0x2
6:12,104.0,0x2
6:13,103.0,0x2
6:14,103.0,0x2
6:15,103.0,0x2
6:16,102.0,0x2
6:17,100.0,0x2
6:18,100.0,0x2
6:19,99.0,0x2
6:20,99.0,0x2
6:21,98.0,0x2
6:22,98.0,0x2
6:23,98.0,0x2
6:24,99.0,0x2
6:25,99.0,0x2
6:26,100.0,0x2
6:27,100.0,0x2
6:28,100.0,0x2
6:29,100.0,0x2
6:30,101.0,0x2
6:31,101.0,0x2
6:32,101.0,0x2
6:33,101.0,0x2
6:34,101.0,0x2
6:35,101.0,0x2
6:36,100.0,0x2
6:37,100.0,0x2
6:38,100.0,0x2
6:39,99.0,0x2
6:40,99.0,0x2
6:41,98.0,0x2
6:42,98.0,0x2
6:43,98.0,0x2
6:44,98.0,0x2
6:45,99.0,0x2
6:46,99.0,0x2
6:47,98.0,0x2
6:48,98.0,0x2
6:49,98.0,0x2
6:50,97.0,0x2
6:51,96.0,0x2
6:52,96.0,0x2
6:53,95.0,0x2
6:54,95.0,0x2
6:55,96.0,0x2
6:56,97.0,0x2
6:57,98.0,0x2
6:58,99.0,0x2
6:59,99.0,0x2
7:00,99.0,0x2
7:01,97.0,0x2
7:02,96.0,0x2
7:03,95.0,0x2
7:04,94.0,0x2
7:05,94.0,0x2
7:06,94.0,0x2
7:07,94.0,0x2
7:08,95.0,0x2
7:09,94.0,0x2
7:10,94.0,0x2
7:11,94.0,0x2
7:12,94.0,0x2
7:13,96.0,0x2
7:14,97.0,0x2
7:15,98.0,0x2
7:16,98.0,0x2
7:17,98.0,0x2
7:18,98.0,0x2
7:19,98.0,0x2
7:20,98.0,0x2
7:21,98.0,0x2
7:22,98.0,0x2
7:23,98.0,0x2
7:24,98.0,0x2
7:25,98.0,0x2
7:26,98.0,0x2
7:27,99.0,0x2
7:28,98.0,0x2
7:29,98.0,0x2
7:30,98.0,0x2
7:31,97.0,0x2
7:32,97.0,0x2
7:33,97.0,0x2
7:34,97.0,0x2
7:35,97.0,0x2
7:36,97.0,0x2
7:37,97.0,0x2
7:38,97.0,0x2
7:39,97.0,0x2
7:40,96.0,0x2
7:41,97.0,0x2
7:42,96.0,0x2
7:43,96.0,0x2
7:44,111.0,0x2
7:45,110.0,0x2
7:46,110.0,0x2
7:47,110.0,0x2
7:48,110.0,0x2
7:49,110.0,0x2
7:50,111.0,0x2
7:51,111.0,0x2
7:52,105.0,0x2
7:53,98.0,0x2
7:54,98.0,0x2
7:55,98.0,0x2
7:56,111.0,0x2
7:57,129.0,0x2
7:58,152.0,0xa
7:59,153.0,0xa
8:00,153.0,0xa
8:01,151.0,0xa
8:02,119.0,0xa
8:03,114.0,0x2
8:04,104.0,0x2
8:05,97.0,0x2
8:06,94.0,0x2
8:07,108.0,0x2
8:08,104.0,0x2
8:09,102.0,0x2
8:10,100.0,0x2
8:11,100.0,0x2
8:12,105.0,0x2
8:13,110.0,0x2
8:14,112.0,0x2
8:15,112.0,0x2
8:16,109.0,0x2
8:17,116.0,0x2
8:18,107.0,0x2
8:19,108.0,0x2
8:20,115.0,0x2
8:21,113.0,0x2
8:22,115.0,0x2
8:23,114.0,0x2
8:24,115.0,0x2
8:25,118.0,0x2
8:26,110.0,0x2
8:27,109.0,0x2
8:28,105.0,0x2
8:29,102.0,0x2
8:30,97.0,0x2
8:31,109.0,0x2
8:32,112.0,0x2
8:33,117.0,0x2
8:34,107.0,0x2
8:35,108.0,0x2
8:36,104.0,0x2
8:37,96.0,0x2
8:38,113.0,0x2
8:39,110.0,0x2
8:40,108.0,0x2
8:41,111.0,0x2
8:42,106.0,0x2
8:43,105.0,0x2
8:44,96.0,0x2
8:45,96.0,0x2
8:46,96.0,0x2
8:47,106.0,0x2
8:48,104.0,0x2
8:49,120.0,0x2
8:50,120.0,0x2
8:51,119.0,0x2
8:52,119.0,0x2
8:53,122.0,0x2
8:54,122.0,0x2
8:55,122.0,0x2
8:56,122.0,0x2
8:57,71.0,0x2
8:58,68.0,0x2
8:59,67.0,0x2
9:00,66.0,0x2
9:01,109.0,0x2
9:02,113.0,0x2
9:03,113.0,0x2
9:04,113.0,0x2
9:05,96.0,0x2
9:06,85.0,0x2
9:07,78.0,0x2
9:08,78.0,0x2
9:09,81.0,0x2
9:10,137.0,0x2
9:11,135.0,0xa
9:12,131.0,0xa
9:13,128.0,0xa
9:14,105.0,0xa
9:15,98.0,0x2
9:16,94.0,0x2
9:17,96.0,0x2
9:18,97.0,0x2
9:19,119.0,0x2
9:20,146.0,0x2
9:21,142.0,0xa
9:22,143.0,0xa
9:23,127.0,0xa
9:24,112.0,0xa
9:25,103.0,0x2
9:26,106.0,0x2
9:27,110.0,0x2
9:28,116.0,0x2
9:29,117.0,0x2
9:30,110.0,0x2
9:31,110.0,0x2
9:32,117.0,0x2
9:33,110.0,0x2
9:34,110.0,0x2
9:35,109.0,0x2
9:36,114.0,0x2
9:37,114.0,0x2
9:38,110.0,0x2
9:39,109.0,0x2
9:40,110.0,0x2
9:41,100.0,0x2
9:42,108.0,0x2
9:43,108.0,0x2
9:44,106.0,0x2
9:45,108.0,0x2
9:46,109.0,0x2
9:47,111.0,0x2
9:48,108.0,0x2
9:49,108.0,0x2
9:50,115.0,0x2
9:51,113.0,0x2
9:52,114.0,0x2
9:53,117.0,0x2
9:54,113.0,0x2
9:55,114.0,0x2
9:56,115.0,0x2
9:57,113.0,0x2
9:58,95.0,0x2
9:59,94.0,0x2
10:00,98.0,0x2
10:01,105.0,0x2
10:02,126.0,0x2
10:03,128.0,0x2
10:04,121.0,0xa
10:05,120.0,0x2
10:06,120.0,0x2
10:07,120.0,0x2
10:08,120.0,0x2
10:09,100.0,0x2
10:10,86.0,0x2
10:11,87.0,0x2
10:12,80.0,0x2
10:13,79.0,0x2
10:14,89.0,0x2
10:15,101.0,0x2
10:16,108.0,0x2
10:17,97.0,0x2
10:18,102.0,0x2
10:19,98.0,0x2
10:20,97.0,0x2
10:21,95.0,0x2
10:22,106.0,0x2
10:23,106.0,0x2
10:24,120.0,0x2
10:25,130.0,0x2
10:26,130.0,0xa
10:27,125.0,0xa
10:28,103.0,0xa
10:29,98.0,0x2
10:30,94.0,0x2
10:31,94.0,0x2
10:32,134.0,0x2
10:33,145.0,0xa
10:34,145.0,0xa
10:35,133.0,0xa
10:36,128.0,0xa
10:37,127.0,0xa
10:38,127.0,0x2
10:39,101.0,0x2
10:40,98.0,0x2
10:41,97.0,0x2
10:42,96.0,0x2
10:43,85.0,0x2
10:44,100.0,0x2
10:45,96.0,0x2
10:46,97.0,0x2
10:47,122.0,0x2
10:48,118.0,0x2
10:49,138.0,0x2
10:50,137.0,0xa
10:51,127.0,0xa
10:52,130.0,0x2
10:53,126.0,0xa
10:54,119.0,0x2
10:55,113.0,0x2
10:56,111.0,0x2
10:57,109.0,0x2
10:58,108.0,0x2
10:59,105.0,0x2
11:00,105.0,0x2
11:01,109.0,0x2
11:02,108.0,0x2
11:03,105.0,0x2
11:04,101.0,0x2
11:05,104.0,0x2
11:06,101.0,0x2
11:07,105.0,0x2
11:08,105.0,0x2
11:09,93.0,0x2
11:10,93.0,0x2
11:11,87.0,0x2
11:12,89.0,0x2
11:13,87.0,0x2
11:14,98.0,0x2
11:15,109.0,0x2
11:16,102.0,0x2
11:17,108.0,0x2
11:18,106.0,0x2
11:19,106.0,0x2
11:20,77.0,0x2
11:21,80.0,0x2
11:22,78.0,0x2
11:23,78.0,0x2
11:24,79.0,0x2
11:25,77.0,0x2
11:26,119.0,0x2
11:27,118.0,0x2
11:28,126.0,0x2
11:29,142.0,0x2
11:30,136.0,0xa
11:31,139.0,0xa
11:32,128.0,0xa
11:33,112.0,0xa
11:34,126.0,0x2
11:35,122.0,0x2
11:36,119.0,0x2
11:37,118.0,0x2
11:38,118.0,0x2
11:39,124.0,0x2
11:40,124.0,0x2
11:41,107.0,0x2
11:42,87.0,0x2
11:43,85.0,0x2
11:44,87.0,0x2
11:45,80.0,0x2
11:46,119.0,0x2
11:47,122.0,0x2
11:48,122.0,0x2
11:49,131.0,0x2
11:50,126.0,0xa
11:51,113.0,0x2
11:52,115.0,0x2
11:53,110.0,0x2
11:54,106.0,0x2
11:55,101.0,0x2
11:56,101.0,0x2
11:57,105.0,0x2
11:58,123.0,0x2
11:59,164.0,0x2
12:00,142.0,0xa
12:01,145.0,0xa
12:02,127.0,0xa
12:03,111.0,0x2
12:04,104.0,0x2
12:05,106.0,0x2
12:06,106.0,0x2
12:07,109.0,0x2
12:08,124.0,0x2
12:09,130.0,0x2
12:10,130.0,0xa
12:11,127.0,0xa
12:12,118.0,0x2
12:13,113.0,0x2
12:14,104.0,0x2
12:15,105.0,0x2
12:16,107.0,0x2
12:17,113.0,0x2
12:18,128.0,0x2
12:19,133.0,0xa
12:20,149.0,0xa
12:21,128.0,0xa
12:22,125.0,0xa
12:23,117.0,0x2
12:24,111.0,0x2
12:25,103.0,0x2
12:26,103.0,0x2
12:27,105.0,0x2
12:28,102.0,0x2
12:29,102.0,0x2
12:30,122.0,0x2
12:31,122.0,0x2
12:32,105.0,0x2
12:33,99.0,0x2
12:34,98.0,0x2
12:35,89.0,0x2
12:36,77.0,0x2
12:37,73.0,0x2
12:38,85.0,0x2
12:39,89.0,0x2
12:40,96.0,0x2
12:41,113.0,0x2
12:42,110.0,0x2
12:43,102.0,0x2
12:44,108.0,0x2
12:45,101.0,0x2
12:46,102.0,0x2
12:47,106.0,0x2
12:48,106.0,0x2
12:49,106.0,0x2
12:50,105.0,0x2
12:51,103.0,0x2
12:52,102.0,0x2
12:53,102.0,0x2
12:54,107.0,0x2
12:55,128.0,0x2
12:56,135.0,0xa
12:57,128.0,0xa
12:58,124.0,0xa
12:59,115.0,0x2
13:00,106.0,0x2
13:01,106.0,0x2
13:02,113.0,0x2
13:03,113.0,0x2
13:04,92.0,0x2
13:05,94.0,0x2
13:06,95.0,0x2
13:07,82.0,0x2
13:08,99.0,0x2
13:09,95.0,0x2
13:10,95.0,0x2
13:11,92.0,0x2
13:12,106.0,0x2
13:13,94.0,0x2
13:14,95.0,0x2
13:15,96.0,0x2
13:16,96.0,0x2
13:17,106.0,0x2
13:18,106.0,0x2
13:19,106.0,0x2
13:20,107.0,0x2
13:21,102.0,0x2
13:22,108.0,0x2
13:23,109.0,0x2
13:24,114.0,0x2
13:25,125.0,0x2
13:26,131.0,0x2
13:27,112.0,0xa
13:28,109.0,0x2
13:29,104.0,0x2
13:30,88.0,0x2
13:31,88.0,0x2
13:32,65.0,0x2
13:33,61.0,0x2
13:34,58.0,0x2
13:35,68.0,0x2
13:36,107.0,0x2
13:37,128.0,0x2
13:38,128.0,0xa
13:39,151.0,0xa
13:40,152.0,0xa
13:41,143.0,0xa
13:42,137.0,0xa
13:43,124.0,0xa
13:44,104.0,0x2
13:45,93.0,0x2
13:46,93.0,0x2
13:47,95.0,0x2
13:48,129.0,0x2
13:49,136.0,0xa
13:50,148.0,0xa
13:51,156.0,0xa
13:52,143.0,0xa
13:53,143.0,0xa
13:54,143.0,0xa
13:55,132.0,0xa
13:56,120.0,0xa
13:57,99.0,0x2
13:58,106.0,0x2
13:59,99.0,0x2
14:00,99.0,0x2
14:01,114.0,0x2
14:02,112.0,0x2
14:03,112.0,0x2
14:04,108.0,0x2
14:05,106.0,0x2
14:06,103.0,0x2
14:07,107.0,0x2
14:08,113.0,0x2
14:09,112.0,0x2
14:10,113.0,0x2
14:11,108.0,0x2
14:12,108.0,0x2
14:13,115.0,0x2
14:14,117.0,0x2
14:15,104.0,0x2
14:16,104.0,0x2
14:17,96.0,0x2
14:18,87.0,0x2
14:19,87.0,0x2
14:20,73.0,0x2
14:21,74.0,0x2
14:22,93.0,0x2
14:23,121.0,0x2
14:24,123.0,0x2
14:25,124.0,0xa
14:26,124.0,0x2
14:27,118.0,0x2
14:28,123.0,0x2
14:29,138.0,0x2
14:30,138.0,0xa
14:31,162.0,0xa
14:32,156.0,0xa
14:33,159.0,0xa
14:34,155.0,0xa
14:35,157.0,0xa
14:36,119.0,0xa
14:37,109.0,0x2
14:38,109.0,0x2
14:39,83.0,0x2
14:40,80.0,0x2
14:41,77.0,0x2
14:42,84.0,0x2
14:43,85.0,0x2
14:44,103.0,0x2
14:45,101.0,0x2
14:46,101.0,0x2
14:47,101.0,0x2
14:48,68.0,0x2
14:49,68.0,0x2
14:50,63.0,0x2
14:51,60.0,0x2
14:52,63.0,0x2
14:53,66.0,0x2
14:54,91.0,0x2
14:55,113.0,0x2
14:56,124.0,0x2
14:57,105.0,0x2
14:58,100.0,0x2
14:59,98.0,0x2
15:00,98.0,0x2
15:01,99.0,0x2
15:02,98.0,0x2
15:03,100.0,0x2
15:04,106.0,0x2
15:05,127.0,0x2
15:06,127.0,0x2
15:07,127.0,0x2
15:08,127.0,0x2
15:09,133.0,0x2
15:10,139.0,0xa
15:11,139.0,0xa
15:12,112.0,0xa
15:13,121.0,0x2
15:14,111.0,0x2
15:15,103.0,0x2
15:16,130.0,0x2
15:17,115.0,0xa
15:18,120.0,0x2
15:19,115.0,0x2
15:20,107.0,0x2
15:21,110.0,0x2
15:22,107.0,0x2
15:23,116.0,0x2
15:24,105.0,0x2
15:25,132.0,0x2
15:26,146.0,0xa
15:27,132.0,0xa
15:28,117.0,0xa
15:29,117.0,0x2
15:30,98.0,0x2
15:31,78.0,0x2
15:32,78.0,0x2
15:33,72.0,0x2
15:34,70.0,0x2
15:35,85.0,0x2
15:36,94.0,0x2
15:37,92.0,0x2
15:38,86.0,0x2
15:39,86.0,0x2
15:40,81.0,0x2
15:41,81.0,0x2
15:42,86.0,0x2
15:43,89.0,0x2
15:44,77.0,0x2
15:45,80.0,0x2
15:46,89.0,0x2
15:47,86.0,0x2
15:48,80.0,0x2
15:49,91.0,0x2
15:50,91.0,0x2
15:51,85.0,0x2
15:52,90.0,0x2
15:53,87.0,0x2
15:54,86.0,0x2
15:55,86.0,0x2
15:56,101.0,0x2
15:57,90.0,0x2
15:58,90.0,0x2
15:59,90.0,0x2
16:00,90.0,0x2
16:01,62.0,0x2
16:02,62.0,0x2
16:03,49.0,0x2
16:04,50.0,0x2
16:05,50.0,0x2
16:06,48.0,0x2
16:07,48.0,0x2
16:08,49.0,0x2
16:09,49.0,0x2
16:10,92.0,0x2
16:11,110.0,0x2
16:12,116.0,0x2
16:13,145.0,0x2
16:14,144.0,0xa
16:15,125.0,0xa
16:16,120.0,0x2
16:17,110.0,0x2
16:18,101.0,0x2
16:19,106.0,0x2
16:20,102.0,0x2
16:21,97.0,0x2
16:22,97.0,0x2
16:23,97.0,0x2
16:24,97.0,0x2
16:25,97.0,0x2
16:26,97.0,0x2
16:27,93.0,0x2
16:28,94.0,0x2
16:29,94.0,0x2
16:30,94.0,0x2
16:31,75.0,0x2
16:32,82.0,0x2
16:33,82.0,0x2
16:34,81.0,0x2
16:35,81.0,0x2
16:36,100.0,0x2
16:37,89.0,0x2
16:38,81.0,0x2
16:39,79.0,0x2
16:40,79.0,0x2
16:41,72.0,0x2
16:42,71.0,0x2
16:43,78.0,0x2
16:44,86.0,0x2
16:45,88.0,0x2
16:46,87.0,0x2
16:47,82.0,0x2
16:48,81.0,0x2
16:49,81.0,0x2
16:50,79.0,0x2
16:51,80.0,0x2
16:52,74.0,0x2
16:53,68.0,0x2
16:54,73.0,0x2
16:55,75.0,0x2
16:56,73.0,0x2
16:57,75.0,0x2
16:58,86.0,0x2
16:59,89.0,0x2
17:00,89.0,0x2
17:01,89.0,0x2
17:02,89.0,0x2
17:03,63.0,0x2
17:04,60.0,0x2
17:05,60.0,0x2
17:06,53.0,0x2
17:07,51.0,0x2
17:08,51.0,0x2
17:09,51.0,0x2
17:10,67.0,0x2
17:11,89.0,0x2
17:12,96.0,0x2
17:13,96.0,0x2
17:14,98.0,0x2
17:15,104.0,0x2
17:16,107.0,0x2
17:17,121.0,0x2
17:18,145.0,0x2
17:19,143.0,0xa
17:20,126.0,0xa
17:21,119.0,0x2
17:22,108.0,0x2
17:23,102.0,0x2
17:24,95.0,0x2
17:25,100.0,0x2
17:26,99.0,0x2
17:27,98.0,0x2
17:28,103.0,0x2
17:29,98.0,0x2
17:30,98.0,0x2
17:31,98.0,0x2
17:32,98.0,0x2
17:33,97.0,0x2
17:34,101.0,0x2
17:35,102.0,0x2
17:36,102.0,0x2
17:37,101.0,0x2
17:38,101.0,0x2
17:39,101.0,0x2
17:40,100.0,0x2
17:41,98.0,0x2
17:42,98.0,0x2
17:43,98.0,0x2
17:44,98.0,0x2
17:45,99.0,0x2
17:46,100.0,0x2
17:47,98.0,0x2
17:48,99.0,0x2
17:49,102.0,0x2
17:50,98.0,0x2
17:51,102.0,0x2
17:52,102.0,0x2
17:53,102.0,0x2
17:54,101.0,0x2
17:55,100.0,0x2
17:56,100.0,0x2
17:57,100.0,0x2
17:58,101.0,0x2
17:59,102.0,0x2
18:00,102.0,0x2
18:01,103.0,0x2
18:02,102.0,0x2
18:03,102.0,0x2
18:04,103.0,0x2
18:05,102.0,0x2
18:06,102.0,0x2
18:07,101.0,0x2
18:08,102.0,0x2
18:09,102.0,0x2
18:10,103.0,0x2
18:11,103.0,0x2
18:12,103.0,0x2
18:13,103.0,0x2
18:14,103.0,0x2
18:15,104.0,0x2
18:16,105.0,0x2
18:17,105.0,0x2
18:18,105.0,0x2
18:19,105.0,0x2
18:20,105.0,0x2
18:21,104.0,0x2
18:22,103.0,0x2
18:23,103.0,0x2
18:24,103.0,0x2
18:25,103.0,0x2
18:26,103.0,0x2
18:27,104.0,0x2
18:28,105.0,0x2
18:29,105.0,0x2
18:30,105.0,0x2
18:31,105.0,0x2
18:32,106.0,0x2
18:33,105.0,0x2
18:34,100.0,0x2
18:35,100.0,0x2
18:36,98.0,0x2
18:37,96.0,0x2
18:38,97.0,0x2
18:39,101.0,0x2
18:40,104.0,0x2
18:41,104.0,0x2
18:42,112.0,0x2
18:43,112.0,0x2
18:44,111.0,0x2
18:45,93.0,0x2
18:46,93.0,0x2
18:47,93.0,0x2
18:48,93.0,0x2
18:49,93.0,0x2
18:50,93.0,0x2
18:51,100.0,0x2
18:52,94.0,0x2
18:53,89.0,0x2
18:54,88.0,0x2
18:55,73.0,0x2
18:56,73.0,0x2
18:57,67.0,0x2
18:58,68.0,0x2
18:59,69.0,0x2
19:00,68.0,0x2
19:01,85.0,0x2
19:02,85.0,0x2
19:03,93.0,0x2
19:04,90.0,0x2
19:05,84.0,0x2
19:06,92.0,0x2
19:07,105.0,0x2
19:08,113.0,0x2
19:09,120.0,0x2
19:10,123.0,0x2
19:11,130.0,0x2
19:12,106.0,0xa
19:13,99.0,0x2
19:14,98.0,0x2
19:15,100.0,0x2
19:16,101.0,0x2
19:17,133.0,0x2
19:18,157.0,0xa
19:19,164.0,0xa
19:20,155.0,0xa
19:21,129.0,0xa
19:22,139.0,0xa
19:23,131.0,0xa
19:24,155.0,0xa
19:25,149.0,0xa
19:26,143.0,0xa
19:27,143.0,0xa
19:28,145.0,0xa
19:29,134.0,0xa
19:30,128.0,0xa
19:31,123.0,0xa
19:32,115.0,0x2
19:33,108.0,0x2
19:34,104.0,0x2
19:35,106.0,0x2
19:36,106.0,0x2
19:37,93.0,0x2
19:38,101.0,0x2
19:39,102.0,0x2
19:40,100.0,0x2
19:41,107.0,0x2
19:42,114.0,0x2
19:43,109.0,0x2
19:44,103.0,0x2
19:45,103.0,0x2
19:46,102.0,0x2
19:47,104.0,0x2
19:48,98.0,0x2
19:49,97.0,0x2
19:50,96.0,0x2
19:51,96.0,0x2
19:52,95.0,0x2
19:53,96.0,0x2
19:54,95.0,0x2
19:55,94.0,0x2
19:56,93.0,0x2
19:57,93.0,0x2
19:58,93.0,0x2
19:59,93.0,0x2
20:00,94.0,0x2
20:01,94.0,0x2
20:02,95.0,0x2
20:03,95.0,0x2
20:04,95.0,0x2
20:05,95.0,0x2
20:06,95.0,0x2
20:07,95.0,0x2
20:08,95.0,0x2
20:09,95.0,0x2
20:10,95.0,0x2
20:11,95.0,0x2
20:12,95.0,0x2
20:13,95.0,0x2
20:14,95.0,0x2
20:15,95.0,0x2
20:16,95.0,0x2
20:17,95.0,0x2
20:18,95.0,0x2
20:19,95.0,0x2
20:20,95.0,0x2
20:21,95.0,0x2
20:22,,0x2
20:23,98.0,0x0
20:24,98.0,0x2
20:25,100.0,0x2
20:26,80.0,0x2
20:27,84.0,0x2
20:28,84.0,0x2
20:29,84.0,0x2
20:30,84.0,0x2
20:31,84.0,0x2
20:32,84.0,0x2
20:33,84.0,0x2
20:34,84.0,0x2
20:35,,0x2
20:36,,0x0
20:37,95.0,0x0
20:38,97.0,0x2
20:39,99.0,0x2
20:40,99.0,0x2
20:41,99.0,0x2
20:42,100.0,0x2
20:43,96.0,0x2
20:44,95.0,0x2
20:45,99.0,0x2
20:46,94.0,0x2
20:47,102.0,0x2
20:48,108.0,0x2
20:49,104.0,0x2
20:50,104.0,0x2
20:51,104.0,0x2
20:52,69.0,0x2
20:53,70.0,0x2
20:54,70.0,0x2
20:55,70.0,0x2
20:56,52.0,0x2
20:57,52.0,0x2
20:58,52.0,0x2
20:59,52.0,0x2
21:00,52.0,0x2
21:01,52.0,0x2
21:02,52.0,0x2
21:03,52.0,0x2
21:04,52.0,0x2
21:05,166.0,0x2
21:06,110.0,0xa
21:07,94.0,0x2
21:08,97.0,0x2
21:09,79.0,0x2
21:10,85.0,0x2
21:11,85.0,0x2
21:12,85.0,0x2
21:13,85.0,0x2
21:14,85.0,0x2
21:15,85.0,0x2
21:16,85.0,0x2
21:17,85.0,0x2
21:18,,0x2
21:19,101.0,0x0
21:20,103.0,0x2
21:21,105.0,0x2
21:22,104.0,0x2
21:23,102.0,0x2
21:24,100.0,0x2
21:25,96.0,0x2
21:26,93.0,0x2
21:27,88.0,0x2
21:28,87.0,0x2
21:29,85.0,0x2
21:30,85.0,0x2
21:31,76.0,0x2
21:32,76.0,0x2
21:33,76.0,0x2
21:34,75.0,0x2
21:35,74.0,0x2
21:36,73.0,0x2
21:37,82.0,0x2
21:38,83.0,0x2
21:39,84.0,0x2
21:40,85.0,0x2
21:41,88.0,0x2
21:42,90.0,0x2
21:43,87.0,0x2
21:44,86.0,0x2
21:45,85.0,0x2
21:46,85.0,0x2
21:47,84.0,0x2
21:48,85.0,0x2
21:49,85.0,0x2
21:50,85.0,0x2
21:51,86.0,0x2
21:52,86.0,0x2
21:53,86.0,0x2
21:54,86.0,0x2
21:55,86.0,0x2
21:56,85.0,0x2
21:57,85.0,0x2
21:58,85.0,0x2
21:59,86.0,0x2
22:00,85.0,0x2
22:01,86.0,0x2
22:02,85.0,0x2
22:03,85.0,0x2
22:04,86.0,0x2
22:05,85.0,0x2
22:06,86.0,0x2
22:07,86.0,0x2
22:08,86.0,0x2
22:09,86.0,0x2
22:10,87.0,0x2
22:11,87.0,0x2
22:12,87.0,0x2
22:13,88.0,0x2
22:14,89.0,0x2
22:15,89.0,0x2
22:16,89.0,0x2
22:17,89.0,0x2
22:18,89.0,0x2
22:19,88.0,0x2
22:20,87.0,0x2
22:21,85.0,0x2
22:22,84.0,0x2
22:23,81.0,0x2
22:24,80.0,0x2
22:25,79.0,0x2
22:26,79.0,0x2
22:27,79.0,0x2
22:28,79.0,0x2
22:29,80.0,0x2
22:30,80.0,0x2
22:31,81.0,0x2
22:32,81.0,0x2
22:33,81.0,0x2
22:34,81.0,0x2
22:35,82.0,0x2
22:36,81.0,0x2
22:37,81.0,0x2
22:38,81.0,0x2
22:39,81.0,0x2
22:40,82.0,0x2
22:41,82.0,0x2
22:42,84.0,0x2
22:43,83.0,0x2
22:44,83.0,0x2
22:45,82.0,0x2
22:46,82.0,0x2
22:47,82.0,0x2
22:48,81.0,0x2
22:49,81.0,0x2
22:50,82.0,0x2
22:51,82.0,0x2
22:52,83.0,0x2
22:53,82.0,0x2
22:54,82.0,0x2
22:55,82.0,0x2
22:56,82.0,0x2
22:57,82.0,0x2
22:58,83.0,0x2
22:59,83.0,0x2
23:00,83.0,0x2
23:01,84.0,0x2
23:02,84.0,0x2
23:03,84.0,0x2
23:04,83.0,0x2
23:05,83.0,0x2
23:06,83.0,0x2
23:07,82.0,0x2
23:08,83.0,0x2
23:09,83.0,0x2
23:10,83.0,0x2
23:11,84.0,0x2
23:12,85.0,0x2
23:13,86.0,0x2
23:14,88.0,0x2
23:15,90.0,0x2
23:16,90.0,0x2
23:17,90.0,0x2
23:18,92.0,0x2
23:19,91.0,0x2
23:20,91.0,0x2
23:21,91.0,0x2
23:22,91.0,0x2
23:23,90.0,0x2
23:24,89.0,0x2
23:25,89.0,0x2
23:26,89.0,0x2
23:27,87.0,0x2
23:28,86.0,0x2
23:29,85.0,0x2
23:30,84.0,0x2
23:31,84.0,0x2
23:32,83.0,0x2
23:33,84.0,0x2
23:34,84.0,0x2
23:35,84.0,0x2
23:36,84.0,0x2
23:37,83.0,0x2
23:38,83.0,0x2
23:39,82.0,0x2
23:40,82.0,0x2
23:41,82.0,0x2
23:42,82.0,0x2
23:43,83.0,0x2
23:44,83.0,0x2
23:45,83.0,0x2
23:46,84.0,0x2
23:47,84.0,0x2
23:48,85.0,0x2
23:49,85.0,0x2
23:50,86.0,0x2
23:51,86.0,0x2
23:52,86.0,0x2
23:53,86.0,0x2
23:54,87.0,0x2
23:55,89.0,0x2
23:56,89.0,0x2
23:57,90.0,0x2
23:58,90.0,0x2
23:59,90.0,0x2
24:00,89.0,0x2
24:01,87.0,0x2
24:02,86.0,0x2
24:03,84.0,0x2
24:04,84.0,0x2
24:05,83.0,0x2
24:06,83.0,0x2
24:07,83.0,0x2
24:08,83.0,0x2
24:09,83.0,0x2
24:10,83.0,0x2
24:11,84.0,0x2
24:12,85.0,0x2
24:13,86.0,0x2
24:14,87.0,0x2
24:15,88.0,0x2
24:16,90.0,0x2
24:17,89.0,0x2
24:18,88.0,0x2
24:19,88.0,0x2
24:20,86.0,0x2
24:21,86.0,0x2
24:22,86.0,0x2
24:23,85.0,0x2
24:24,86.0,0x2
24:25,87.0,0x2
24:26,87.0,0x2
24:27,87.0,0x2
24:28,88.0,0x2
24:29,88.0,0x2
24:30,87.0,0x2
24:31,86.0,0x2
24:32,85.0,0x2
24:33,83.0,0x2
24:34,82.0,0x2
24:35,82.0,0x2
24:36,81.0,0x2
24:37,80.0,0x2
24:38,80.0,0x2
24:39,80.0,0x2
24:40,80.0,0x2
24:41,79.0,0x2
24:42,79.0,0x2
24:43,79.0,0x2
24:44,80.0,0x2
24:45,81.0,0x2
24:46,82.0,0x2
24:47,82.0,0x2
24:48,82.0,0x2
24:49,82.0,0x2
24:50,83.0,0x2
24:51,83.0,0x2
24:52,83.0,0x2
24:53,83.0,0x2
24:54,83.0,0x2
24:55,83.0,0x2
24:56,83.0,0x2
24:57,83.0,0x2
24:58,83.0,0x2
24:59,83.0,0x2
25:00,83.0,0x2
25:01,83.0,0x2
25:02,83.0,0x2
25:03,83.0,0x2
25:04,,0x2
25:05,,0x0
25:06,,0x0
25:07,,0x0
25:08,81.0,0x0
25:09,80.0,0x2
25:10,79.0,0x2
25:11,79.0,0x2
25:12,79.0,0x2
25:13,80.0,0x2
25:14,81.0,0x2
25:15,83.0,0x2
25:16,84.0,0x2
25:17,85.0,0x2
25:18,85.0,0x2
25:19,84.0,0x2
25:20,83.0,0x2
25:21,82.0,0x2
25:22,81.0,0x2
25:23,80.0,0x2
25:24,79.0,0x2
25:25,78.0,0x2
25:26,78.0,0x2
25:27,78.0,0x2
25:28,80.0,0x2
25:29,85.0,0x2
25:30,86.0,0x2
25:31,86.0,0x2
25:32,87.0,0x2
25:33,87.0,0x2
25:34,84.0,0x2
25:35,83.0,0x2
25:36,83.0,0x2
25:37,83.0,0x2
25:38,81.0,0x2
25:39,80.0,0x2
25:40,80.0,0x2
25:41,79.0,0x2
25:42,78.0,0x2
25:43,78.0,0x2
25:44,78.0,0x2
25:45,78.0,0x2
25:46,78.0,0x2
25:47,78.0,0x2
25:48,78.0,0x2
25:49,77.0,0x2
25:50,77.0,0x2
25:51,77.0,0x2
25:52,77.0,0x2
25:53,77.0,0x2
25:54,77.0,0x2
25:55,78.0,0x2
25:56,78.0,0x2
25:57,78.0,0x2
25:58,78.0,0x2
25:59,78.0,0x2
26:00,78.0,0x2
26:01,79.0,0x2
26:02,79.0,0x2
26:03,79.0,0x2
26:04,80.0,0x2
26:05,80.0,0x2
26:06,80.0,0x2
26:07,80.0,0x2
26:08,80.0,0x2
26:09,80.0,0x2
26:10,80.0,0x2
26:11,80.0,0x2
26:12,80.0,0x2
26:13,80.0,0x2
26:14,80.0,0x2
26:15,80.0,0x2
26:16,80.0,0x2
26:17,79.0,0x2
26:18,79.0,0x2
26:19,79.0,0x2
26:20,79.0,0x2
26:21,80.0,0x2
26:22,81.0,0x2
26:23,83.0,0x2
26:24,84.0,0x2
26:25,84.0,0x2
26:26,85.0,0x2
26:27,84.0,0x2
26:28,83.0,0x2
26:29,82.0,0x2
26:30,82.0,0x2
26:31,82.0,0x2
26:32,82.0,0x2
26:33,83.0,0x2
26:34,83.0,0x2
26:35,83.0,0x2
26:36,83.0,0x2
26:37,82.0,0x2
26:38,82.0,0x2
26:39,81.0,0x2
26:40,81.0,0x2
26:41,81.0,0x2
26:42,81.0,0x2
26:43,80.0,0x2
26:44,80.0,0x2
26:45,80.0,0x2
26:46,80.0,0x2
26:47,80.0,0x2
26:48,79.0,0x2
26:49,80.0,0x2
26:50,80.0,0x2
26:51,83.0,0x2
26:52,85.0,0x2
26:53,87.0,0x2
26:54,87.0,0x2
26:55,86.0,0x2
26:56,84.0,0x2
26:57,83.0,0x2
26:58,82.0,0x2
26:59,82.0,0x2
27:00,82.0,0x2
27:01,82.0,0x2
27:02,82.0,0x2
27:03,82.0,0x2
27:04,81.0,0x2
27:05,80.0,0x2
27:06,80.0,0x2
27:07,80.0,0x2
27:08,79.0,0x2
27:09,79.0,0x2
27:10,79.0,0x2
27:11,78.0,0x2
27:12,79.0,0x2
27:13,81.0,0x2
27:14,81.0,0x2
27:15,82.0,0x2
27:16,82.0,0x2
27:17,82.0,0x2
27:18,82.0,0x2
27:19,82.0,0x2
27:20,82.0,0x2
27:21,82.0,0x2
27:22,82.0,0x2
27:23,83.0,0x2
27:24,83.0,0x2
27:25,83.0,0x2
27:26,83.0,0x2
27:27,83.0,0x2
27:28,83.0,0x2
27:29,83.0,0x2
27:30,61.0,0x2
27:31,60.0,0x2
27:32,60.0,0x2
27:33,60.0,0x2
27:34,59.0,0x2
27:35,78.0,0x2
27:36,78.0,0x2
27:37,79.0,0x2
27:38,79.0,0x2
27:39,81.0,0x2
27:40,81.0,0x2
27:41,82.0,0x2
27:42,82.0,0x2
27:43,82.0,0x2
27:44,82.0,0x2
27:45,81.0,0x2
27:46,81.0,0x2
27:47,80.0,0x2
27:48,78.0,0x2
27:49,77.0,0x2
27:50,77.0,0x2
27:51,78.0,0x2
27:52,79.0,0x2
27:53,79.0,0x2
27:54,79.0,0x2
27:55,79.0,0x2
27:56,79.0,0x2
27:57,79.0,0x2
27:58,79.0,0x2
27:59,79.0,0x2
28:00,79.0,0x2
28:01,81.0,0x2
28:02,82.0,0x2
28:03,82.0,0x2
28:04,82.0,0x2
28:05,83.0,0x2
28:06,83.0,0x2
28:07,83.0,0x2
28:08,83.0,0x2
28:09,82.0,0x2
28:10,82.0,0x2
28:11,82.0,0x2
28:12,81.0,0x2
28:13,81.0,0x2
28:14,80.0,0x2
28:15,80.0,0x2
28:16,80.0,0x2
28:17,80.0,0x2
28:18,83.0,0x2
28:19,83.0,0x2
28:20,83.0,0x2
28:21,83.0,0x2
28:22,83.0,0x2
28:23,81.0,0x2
28:24,80.0,0x2
28:25,79.0,0x2
28:26,78.0,0x2
28:27,78.0,0x2
28:28,78.0,0x2
28:29,78.0,0x2
28:30,78.0,0x2
28:31,79.0,0x2
28:32,80.0,0x2
28:33,81.0,0x2
28:34,81.0,0x2
28:35,82.0,0x2
28:36,81.0,0x2
28:37,81.0,0x2
28:38,81.0,0x2
28:39,81.0,0x2
28:40,81.0,0x2
28:41,81.0,0x2
28:42,81.0,0x2
28:43,81.0,0x2
28:44,80.0,0x2
28:45,80.0,0x2
28:46,80.0,0x2
28:47,80.0,0x2
28:48,80.0,0x2
28:49,82.0,0x2
28:50,83.0,0x2
28:51,83.0,0x2
28:52,84.0,0x2
28:53,85.0,0x2
28:54,86.0,0x2
28:55,85.0,0x2
28:56,85.0,0x2
28:57,85.0,0x2
28:58,92.0,0x2
28:59,88.0,0x2
29:00,83.0,0x2
29:01,83.0,0x2
29:02,83.0,0x2
29:03,84.0,0x2
29:04,79.0,0x2
29:05,82.0,0x2
29:06,88.0,0x2
29:07,87.0,0x2
29:08,86.0,0x2
29:09,84.0,0x2
29:10,83.0,0x2
29:11,82.0,0x2
29:12,81.0,0x2
29:13,81.0,0x2
29:14,80.0,0x2
29:15,80.0,0x2
29:16,80.0,0x2
29:17,81.0,0x2
29:18,81.0,0x2
29:19,82.0,0x2
29:20,82.0,0x2
29:21,83.0,0x2
29:22,83.0,0x2
29:23,85.0,0x2
29:24,85.0,0x2
29:25,85.0,0x2
29:26,85.0,0x2
29:27,85.0,0x2
29:28,85.0,0x2
29:29,85.0,0x2
29:30,84.0,0x2
29:31,84.0,0x2
29:32,83.0,0x2
29:33,83.0,0x2
29:34,83.0,0x2
29:35,83.0,0x2
29:36,84.0,0x2
29:37,84.0,0x2
29:38,83.0,0x2
29:39,83.0,0x2
29:40,83.0,0x2
29:41,84.0,0x2
29:42,85.0,0x2
29:43,86.0,0x2
29:44,86.0,0x2
29:45,87.0,0x2
29:46,86.0,0x2
29:47,95.0,0x2
29:48,86.0,0x2
29:49,86.0,0x2
29:50,75.0,0x2
29:51,75.0,0x2
29:52,74.0,0x2
29:53,73.0,0x2
29:54,71.0,0x2
29:55,60.0,0x2
29:56,63.0,0x2
29:57,61.0,0x2
29:58,67.0,0x2
29:59,66.0,0x2
30:00,66.0,0x2
30:01,66.0,0x2
30:02,66.0,0x2
30:03,68.0,0x2
30:04,68.0,0x2
30:05,68.0,0x2
30:06,68.0,0x2
30:07,69.0,0x2
30:08,69.0,0x2
30:09,60.0,0x2
30:10,60.0,0x2
30:11,60.0,0x2
30:12,60.0,0x2
30:13,60.0,0x2
30:14,60.0,0x2
30:15,60.0,0x2
30:16,60.0,0x2
30:17,,0x2
30:18,,0x0
30:19,,0x0
30:20,,0x0
30:21,,0x0
30:22,,0x0
30:23,,0x0
30:24,,0x0
30:25,,0x0
30:26,,0x0
30:27,85.0,0x0
30:28,85.0,0x2
30:29,85.0,0x2
30:30,85.0,0x2
30:31,84.0,0x2
30:32,84.0,0x2
30:33,85.0,0x2
30:34,85.0,0x2
30:35,85.0,0x2
30:36,85.0,0x2
30:37,84.0,0x2
30:38,84.0,0x2
30:39,84.0,0x2
30:40,83.0,0x2
30:41,83.0,0x2
30:42,83.0,0x2
30:43,84.0,0x2
30:44,84.0,0x2
30:45,84.0,0x2
30:46,85.0,0x2
30:47,85.0,0x2
30:48,85.0,0x2
30:49,85.0,0x2
30:50,83.0,0x2
30:51,82.0,0x2
30:52,82.0,0x2
30:53,81.0,0x2
30:54,81.0,0x2
30:55,80.0,0x2
30:56,80.0,0x2
30:57,81.0,0x2
30:58,81.0,0x2
30:59,83.0,0x2
31:00,83.0,0x2
31:01,84.0,0x2
31:02,84.0,0x2
31:03,83.0,0x2
31:04,83.0,0x2
31:05,82.0,0x2
31:06,82.0,0x2
31:07,81.0,0x2
31:08,81.0,0x2
31:09,81.0,0x2
31:10,81.0,0x2
31:11,81.0,0x2
31:12,81.0,0x2
31:13,81.0,0x2
31:14,81.0,0x2
31:15,81.0,0x2
31:16,81.0,0x2
31:17,81.0,0x2
31:18,81.0,0x2
31:19,81.0,0x2
31:20,81.0,0x2
31:21,82.0,0x2
31:22,83.0,0x2
31:23,83.0,0x2
31:24,83.0,0x2
31:25,84.0,0x2
31:26,83.0,0x2
31:27,83.0,0x2
31:28,83.0,0x2
31:29,83.0,0x2
31:30,83.0,0x2
31:31,83.0,0x2
31:32,84.0,0x2
31:33,86.0,0x2
31:34,86.0,0x2
31:35,86.0,0x2
31:36,86.0,0x2
31:37,85.0,0x2
31:38,84.0,0x2
31:39,82.0,0x2
31:40,82.0,0x2
31:41,81.0,0x2
31:42,82.0,0x2
31:43,83.0,0x2
31:44,83.0,0x2
31:45,84.0,0x2
31:46,84.0,0x2
31:47,84.0,0x2
31:48,89.0,0x2
31:49,88.0,0x2
31:50,88.0,0x2
31:51,89.0,0x2
31:52,89.0,0x2
31:53,89.0,0x2
31:54,89.0,0x2
31:55,89.0,0x2
31:56,89.0,0x2
31:57,89.0,0x2
31:58,89.0,0x2
31:59,,0x2
32:00,82.0,0x0
32:01,85.0,0x2
32:02,85.0,0x2
32:03,86.0,0x2
32:04,87.0,0x2
32:05,88.0,0x2
32:06,85.0,0x2
32:07,94.0,0x2
32:08,90.0,0x2
32:09,89.0,0x2
32:10,88.0,0x2
32:11,87.0,0x2
32:12,80.0,0x2
32:13,80.0,0x2
32:14,79.0,0x2
32:15,77.0,0x2
32:16,77.0,0x2
32:17,75.0,0x2
32:18,75.0,0x2
32:19,77.0,0x2
32:20,80.0,0x2
32:21,87.0,0x2
32:22,88.0,0x2
32:23,88.0,0x2
32:24,88.0,0x2
32:25,82.0,0x2
32:26,83.0,0x2
32:27,81.0,0x2
32:28,82.0,0x2
32:29,92.0,0x2
32:30,100.0,0x2
32:31,102.0,0x2
32:32,110.0,0x2
32:33,110.0,0x2
32:34,110.0,0x2
32:35,110.0,0x2
32:36,110.0,0x2
32:37,110.0,0x2
32:38,110.0,0x2
32:39,110.0,0x2
32:40,110.0,0x2
32:41,,0x2
32:42,93.0,0x0
32:43,94.0,0x2
32:44,94.0,0x2
32:45,94.0,0x2
32:46,42.0,0x2
32:47,42.0,0x2
32:48,42.0,0x2
32:49,42.0,0x2
32:50,42.0,0x2
32:51,26.0,0x2
32:52,26.0,0x12
32:53,26.0,0x12
32:54,26.0,0x12
32:55,26.0,0x12
32:56,,0x12
32:57,27.0,0x12
32:58,30.0,0x12
32:59,29.0,0x12
33:00,102.0,0x12
33:01,102.0,0x2
33:02,82.0,0x2
33:03,81.0,0x2
33:04,85.0,0x2
33:05,85.0,0x2
33:06,81.0,0x2
33:07,76.0,0x2
33:08,106.0,0x2
33:09,105.0,0x2
33:10,103.0,0x2
33:11,103.0,0x2
33:12,106.0,0x2
33:13,98.0,0x2
33:14,98.0,0x2
33:15,98.0,0x2
33:16,98.0,0x2
33:17,98.0,0x2
33:18,98.0,0x2
33:19,98.0,0x2
33:20,98.0,0x2
33:21,98.0,0x2
33:22,,0x2
33:23,92.0,0x0
33:24,115.0,0x2
33:25,125.0,0x2
33:26,97.0,0x2
33:27,96.0,0x2
33:28,96.0,0x2
33:29,73.0,0x2
33:30,74.0,0x2
33:31,69.0,0x2
33:32,73.0,0x2
33:33,73.0,0x2
33:34,99.0,0x2
33:35,102.0,0x2
33:36,102.0,0x2
33:37,102.0,0x2
33:38,102.0,0x2
33:39,102.0,0x2
33:40,102.0,0x2
33:41,48.0,0x2
33:42,48.0,0x2
33:43,41.0,0x2
33:44,40.0,0x2
33:45,40.0,0x12
33:46,40.0,0x12
33:47,40.0,0x12
33:48,40.0,0x12
33:49,40.0,0x12
33:50,40.0,0x12
33:51,40.0,0x12
33:52,26.0,0x12
33:53,26.0,0x12
33:54,26.0,0x12
33:55,,0x12
33:56,,0x12
33:57,,0x12
33:58,,0x12
33:59,,0x12
34:00,,0x12
34:01,,0x12
34:02,,0x12
34:03,,0x12
34:04,,0x12
34:05,88.0,0x0
34:06,92.0,0x2
34:07,93.0,0x2
34:08,94.0,0x2
34:09,98.0,0x2
34:10,100.0,0x2
34:11,102.0,0x2
34:12,104.0,0x2
34:13,104.0,0x2
34:14,95.0,0x2
34:15,92.0,0x2
34:16,89.0,0x2
34:17,87.0,0x2
34:18,84.0,0x2
34:19,87.0,0x2
34:20,90.0,0x2
34:21,97.0,0x2
34:22,93.0,0x2
34:23,93.0,0x2
34:24,92.0,0x2
34:25,91.0,0x2
34:26,89.0,0x2
34:27,87.0,0x2
34:28,87.0,0x2
34:29,87.0,0x2
34:30,87.0,0x2
34:31,94.0,0x2
34:32,94.0,0x2
34:33,95.0,0x2
34:34,95.0,0x2
34:35,93.0,0x2
34:36,97.0,0x2
34:37,102.0,0x2
34:38,103.0,0x2
34:39,103.0,0x2
34:40,105.0,0x2
34:41,97.0,0x2
34:42,91.0,0x2
34:43,90.0,0x2
34:44,86.0,0x2
34:45,84.0,0x2
34:46,83.0,0x2
34:47,82.0,0x2
34:48,83.0,0x2
34:49,85.0,0x2
34:50,86.0,0x2
34:51,88.0,0x2
34:52,88.0,0x2
34:53,86.0,0x2
34:54,85.0,0x2
34:55,84.0,0x2
34:56,83.0,0x2
34:57,85.0,0x2
34:58,85.0,0x2
34:59,86.0,0x2
35:00,86.0,0x2
35:01,88.0,0x2
35:02,88.0,0x2
35:03,88.0,0x2
35:04,89.0,0x2
35:05,89.0,0x2
35:06,88.0,0x2
35:07,89.0,0x2
35:08,90.0,0x2
35:09,90.0,0x2
35:10,93.0,0x2
35:11,96.0,0x2
35:12,96.0,0x2
35:13,96.0,0x2
35:14,96.0,0x2
35:15,96.0,0x2
35:16,96.0,0x2
35:17,99.0,0x2
35:18,104.0,0x2
35:19,104.0,0x2
35:20,104.0,0x2
35:21,104.0,0x2
35:22,104.0,0x2
35:23,104.0,0x2
35:24,104.0,0x2
35:25,104.0,0x2
35:26,,0x2
35:27,81.0,0x0
35:28,80.0,0x2
35:29,81.0,0x2
35:30,85.0,0x2
35:31,86.0,0x2
35:32,87.0,0x2
35:33,93.0,0x2
35:34,109.0,0x2
35:35,116.0,0x2
35:36,112.0,0x2
35:37,96.0,0x2
35:38,94.0,0x2
35:39,88.0,0x2
35:40,76.0,0x2
35:41,72.0,0x2
35:42,71.0,0x2
35:43,72.0,0x2
35:44,79.0,0x2
35:45,80.0,0x2
35:46,81.0,0x2
35:47,81.0,0x2
35:48,81.0,0x2
35:49,82.0,0x2
35:50,82.0,0x2
35:51,81.0,0x2
35:52,81.0,0x2
35:53,82.0,0x2
35:54,82.0,0x2
35:55,83.0,0x2
35:56,84.0,0x2
35:57,84.0,0x2
35:58,84.0,0x2
35:59,87.0,0x2
36:00,88.0,0x2
36:01,90.0,0x2
36:02,91.0,0x2
36:03,91.0,0x2
36:04,90.0,0x2
36:05,86.0,0x2
36:06,84.0,0x2
36:07,83.0,0x2
36:08,83.0,0x2
36:09,77.0,0x2
36:10,77.0,0x2
36:11,77.0,0x2
36:12,77.0,0x2
36:13,78.0,0x2
36:14,79.0,0x2
36:15,85.0,0x2
36:16,87.0,0x2
36:17,105.0,0x2
36:18,106.0,0x2
36:19,110.0,0x2
36:20,112.0,0x2
36:21,112.0,0x2
36:22,112.0,0x2
36:23,112.0,0x2
36:24,106.0,0x2
36:25,108.0,0x2
36:26,108.0,0x2
36:27,109.0,0x2
36:28,111.0,0x2
36:29,103.0,0x2
36:30,94.0,0x2
36:31,87.0,0x2
36:32,85.0,0x2
36:33,81.0,0x2
36:34,80.0,0x2
36:35,82.0,0x2
36:36,85.0,0x2
36:37,89.0,0x2
36:38,94.0,0x2
36:39,99.0,0x2
36:40,95.0,0x2
36:41,95.0,0x2
36:42,95.0,0x2
36:43,95.0,0x2
36:44,95.0,0x2
36:45,95.0,0x2
36:46,95.0,0x2
36:47,95.0,0x2
36:48,95.0,0x2
36:49,,0x2
36:50,97.0,0x0
36:51,97.0,0x2
36:52,97.0,0x2
36:53,97.0,0x2
36:54,97.0,0x2
36:55,31.0,0x2
36:56,31.0,0x12
36:57,31.0,0x12
36:58,31.0,0x12
36:59,,0x12
37:00,,0x12
37:01,,0x12
37:02,,0x12
37:03,27.0,0x12
37:04,32.0,0x12
37:05,32.0,0x12
37:06,32.0,0x12
37:07,63.0,0x12
37:08,83.0,0x2
37:09,83.0,0x2
37:10,87.0,0x2
37:11,95.0,0x2
37:12,116.0,0x2
37:13,116.0,0x2
37:14,116.0,0x2
37:15,116.0,0x2
37:16,63.0,0x2
37:17,63.0,0x2
37:18,63.0,0x2
37:19,63.0,0x2
37:20,63.0,0x2
37:21,63.0,0x2
37:22,63.0,0x2
37:23,35.0,0x2
37:24,34.0,0x12
37:25,33.0,0x12
37:26,33.0,0x12
37:27,33.0,0x12
37:28,33.0,0x12
37:29,33.0,0x12
37:30,33.0,0x12
37:31,33.0,0x12
37:32,42.0,0x12
37:33,96.0,0x2
37:34,92.0,0x2
37:35,92.0,0x2
37:36,92.0,0x2
37:37,104.0,0x2
37:38,120.0,0x2
37:39,121.0,0x2
37:40,135.0,0x2
37:41,117.0,0xa
37:42,117.0,0x2
37:43,117.0,0x2
37:44,69.0,0x2
37:45,67.0,0x2
37:46,58.0,0x2
37:47,55.0,0x2
37:48,54.0,0x2
37:49,51.0,0x2
37:50,75.0,0x2
37:51,75.0,0x2
37:52,71.0,0x2
37:53,71.0,0x2
37:54,77.0,0x2
37:55,91.0,0x2
37:56,91.0,0x2
37:57,91.0,0x2
37:58,91.0,0x2
37:59,55.0,0x2
38:00,56.0,0x2
38:01,56.0,0x2
38:02,59.0,0x2
38:03,53.0,0x2
38:04,90.0,0x2
38:05,96.0,0x2
38:06,88.0,0x2
38:07,88.0,0x2
38:08,79.0,0x2
38:09,82.0,0x2
38:10,79.0,0x2
38:11,79.0,0x2
38:12,89.0,0x2
38:13,88.0,0x2
38:14,86.0,0x2
38:15,88.0,0x2
38:16,95.0,0x2
38:17,94.0,0x2
38:18,95.0,0x2
38:19,95.0,0x2
38:20,92.0,0x2
38:21,85.0,0x2
38:22,87.0,0x2
38:23,88.0,0x2
38:24,89.0,0x2
38:25,92.0,0x2
38:26,93.0,0x2
38:27,92.0,0x2
38:28,91.0,0x2
38:29,89.0,0x2
38:30,88.0,0x2
38:31,88.0,0x2
38:32,89.0,0x2
38:33,90.0,0x2
38:34,89.0,0x2
38:35,90.0,0x2
38:36,90.0,0x2
38:37,90.0,0x2
38:38,89.0,0x2
38:39,90.0,0x2
38:40,91.0,0x2
38:41,92.0,0x2
38:42,92.0,0x2
38:43,92.0,0x2
38:44,91.0,0x2
38:45,91.0,0x2
38:46,91.0,0x2
38:47,85.0,0x2
38:48,85.0,0x2
38:49,84.0,0x2
38:50,87.0,0x2
38:51,92.0,0x2
38:52,95.0,0x2
38:53,95.0,0x2
38:54,95.0,0x2
38:55,93.0,0x2
38:56,92.0,0x2
38:57,89.0,0x2
38:58,88.0,0x2
38:59,88.0,0x2
39:00,85.0,0x2
39:01,84.0,0x2
39:02,82.0,0x2
39:03,81.0,0x2
39:04,79.0,0x2
39:05,79.0,0x2
39:06,79.0,0x2
39:07,79.0,0x2
39:08,79.0,0x2
39:09,81.0,0x2
39:10,81.0,0x2
39:11,81.0,0x2
39:12,82.0,0x2
39:13,83.0,0x2
39:14,83.0,0x2
39:15,87.0,0x2
39:16,100.0,0x2
39:17,103.0,0x2
39:18,103.0,0x2
39:19,103.0,0x2
39:20,103.0,0x2
39:21,103.0,0x2
39:22,51.0,0x2
39:23,51.0,0x2
39:24,49.0,0x2
39:25,49.0,0x2
39:26,47.0,0x2
39:27,47.0,0x2
39:28,41.0,0x2
39:29,72.0,0x2
39:30,76.0,0x2
39:31,79.0,0x2
39:32,82.0,0x2
39:33,99.0,0x2
39:34,92.0,0x2
39:35,91.0,0x2
39:36,90.0,0x2
39:37,86.0,0x2
39:38,86.0,0x2
39:39,85.0,0x2
39:40,85.0,0x2
39:41,86.0,0x2
39:42,86.0,0x2
39:43,87.0,0x2
39:44,90.0,0x2
39:45,91.0,0x2
39:46,93.0,0x2
39:47,91.0,0x2
39:48,90.0,0x2
39:49,88.0,0x2
39:50,87.0,0x2
39:51,87.0,0x2
39:52,86.0,0x2
39:53,85.0,0x2
39:54,86.0,0x2
39:55,86.0,0x2
39:56,86.0,0x2
39:57,90.0,0x2
39:58,90.0,0x2
39:59,90.0,0x2
40:00,93.0,0x2
40:01,94.0,0x2
40:02,94.0,0x2
40:03,94.0,0x2
40:04,96.0,0x2
40:05,100.0,0x2
40:06,100.0,0x2
40:07,100.0,0x2
40:08,100.0,0x2
40:09,94.0,0x2
40:10,93.0,0x2
40:11,92.0,0x2
40:12,92.0,0x2
40:13,96.0,0x2
40:14,98.0,0x2
40:15,100.0,0x2
40:16,100.0,0x2
40:17,100.0,0x2
40:18,96.0,0x2
40:19,96.0,0x2
40:20,96.0,0x2
40:21,95.0,0x2
40:22,93.0,0x2
40:23,94.0,0x2
40:24,95.0,0x2
40:25,97.0,0x2
40:26,102.0,0x2
40:27,105.0,0x2
40:28,104.0,0x2
40:29,103.0,0x2
40:30,104.0,0x2
40:31,105.0,0x2
40:32,106.0,0x2
40:33,107.0,0x2
40:34,107.0,0x2
40:35,107.0,0x2
40:36,107.0,0x2
40:37,107.0,0x2
40:38,107.0,0x2
40:39,109.0,0x2
40:40,110.0,0x2
40:41,110.0,0x2
40:42,109.0,0x2
40:43,109.0,0x2
40:44,106.0,0x2
40:45,106.0,0x2
40:46,105.0,0x2
40:47,105.0,0x2
40:48,103.0,0x2
40:49,102.0,0x2
40:50,100.0,0x2
40:51,97.0,0x2
40:52,96.0,0x2
40:53,95.0,0x2
40:54,95.0,0x2
40:55,95.0,0x2
40:56,96.0,0x2
40:57,97.0,0x2
40:58,99.0,0x2
40:59,100.0,0x2
41:00,100.0,0x2
41:01,101.0,0x2
41:02,101.0,0x2
41:03,100.0,0x2
41:04,101.0,0x2
41:05,100.0,0x2
41:06,100.0,0x2
41:07,99.0,0x2
41:08,98.0,0x2
41:09,98.0,0x2
41:10,96.0,0x2
41:11,96.0,0x2
41:12,95.0,0x2
41:13,96.0,0x2
41:14,96.0,0x2
41:15,97.0,0x2
41:16,99.0,0x2
41:17,99.0,0x2
41:18,98.0,0x2
41:19,98.0,0x2
41:20,97.0,0x2
41:21,96.0,0x2
41:22,95.0,0x2
41:23,94.0,0x2
41:24,94.0,0x2
41:25,93.0,0x2
41:26,92.0,0x2
41:27,90.0,0x2
41:28,90.0,0x2
41:29,91.0,0x2
41:30,91.0,0x2
41:31,90.0,0x2
41:32,91.0,0x2
41:33,91.0,0x2
41:34,92.0,0x2
41:35,92.0,0x2
41:36,94.0,0x2
41:37,94.0,0x2
41:38,93.0,0x2
41:39,93.0,0x2
41:40,89.0,0x2
41:41,88.0,0x2
41:42,87.0,0x2
41:43,87.0,0x2
41:44,85.0,0x2
41:45,85.0,0x2
41:46,85.0,0x2
41:47,84.0,0x2
41:48,83.0,0x2
41:49,82.0,0x2
41:50,82.0,0x2
41:51,81.0,0x2
41:52,82.0,0x2
41:53,82.0,0x2
41:54,82.0,0x2
41:55,82.0,0x2
41:56,84.0,0x2
41:57,89.0,0x2
41:58,90.0,0x2
41:59,90.0,0x2
42:00,90.0,0x2
42:01,90.0,0x2
42:02,87.0,0x2
42:03,84.0,0x2
42:04,84.0,0x2
42:05,84.0,0x2
42:06,84.0,0x2
42:07,96.0,0x2
42:08,98.0,0x2
42:09,98.0,0x2
42:10,100.0,0x2
42:11,100.0,0x2
42:12,94.0,0x2
42:13,86.0,0x2
42:14,85.0,0x2
42:15,84.0,0x2
42:16,83.0,0x2
42:17,83.0,0x2
42:18,83.0,0x2
42:19,83.0,0x2
42:20,83.0,0x2
42:21,85.0,0x2
42:22,87.0,0x2
42:23,89.0,0x2
42:24,90.0,0x2
42:25,90.0,0x2
42:26,91.0,0x2
42:27,90.0,0x2
42:28,89.0,0x2
42:29,87.0,0x2
42:30,87.0,0x2
42:31,87.0,0x2
42:32,87.0,0x2
42:33,87.0,0x2
42:34,85.0,0x2
42:35,95.0,0x2
42:36,98.0,0x2
42:37,97.0,0x2
42:38,94.0,0x2
42:39,100.0,0x2
42:40,103.0,0x2
42:41,126.0,0x2
42:42,146.0,0x2
42:43,143.0,0xa
42:44,143.0,0xa
42:45,103.0,0xa
42:46,88.0,0x2
42:47,88.0,0x2
42:48,75.0,0x2
42:49,66.0,0x2
42:50,65.0,0x2
42:51,71.0,0x2
42:52,71.0,0x2
42:53,71.0,0x2
42:54,103.0,0x2
42:55,103.0,0x2
42:56,103.0,0x2
42:57,103.0,0x2
42:58,103.0,0x2
42:59,54.0,0x2
43:00,58.0,0x2
43:01,58.0,0x2
43:02,51.0,0x2
43:03,49.0,0x2
43:04,48.0,0x2
43:05,48.0,0x2
43:06,48.0,0x2
43:07,48.0,0x2
43:08,48.0,0x2
43:09,48.0,0x2
43:10,48.0,0x2
43:11,48.0,0x2
43:12,36.0,0x2
43:13,36.0,0x12
43:14,36.0,0x12
43:15,36.0,0x12
43:16,36.0,0x12
43:17,27.0,0x12
43:18,26.0,0x12
43:19,26.0,0x12
43:20,,0x12
43:21,,0x12
43:22,,0x12
43:23,,0x12
43:24,,0x12
43:25,,0x12
43:26,,0x12
43:27,,0x12
43:28,,0x12
43:29,,0x12
43:30,,0x12
43:31,,0x12
43:32,,0x12
43:33,30.0,0x12
43:34,30.0,0x12
43:35,28.0,0x12
43:36,28.0,0x12
43:37,37.0,0x12
43:38,36.0,0x12
43:39,36.0,0x12
43:40,36.0,0x12
43:41,67.0,0x12
43:42,65.0,0x2
43:43,65.0,0x2
43:44,82.0,0x2
43:45,94.0,0x2
43:46,94.0,0x2
43:47,99.0,0x2
43:48,118.0,0x2
43:49,115.0,0x2
43:50,112.0,0x2
43:51,107.0,0x2
43:52,99.0,0x2
43:53,100.0,0x2
43:54,105.0,0x2
43:55,109.0,0x2
43:56,108.0,0x2
43:57,112.0,0x2
43:58,112.0,0x2
43:59,109.0,0x2
44:00,109.0,0x2
44:01,109.0,0x2
44:02,106.0,0x2
44:03,99.0,0x2
44:04,95.0,0x2
44:05,93.0,0x2
44:06,91.0,0x2
44:07,89.0,0x2
44:08,89.0,0x2
44:09,88.0,0x2
44:10,88.0,0x2
44:11,88.0,0x2
44:12,92.0,0x2
44:13,93.0,0x2
44:14,95.0,0x2
44:15,96.0,0x2
44:16,95.0,0x2
44:17,95.0,0x2
44:18,95.0,0x2
44:19,94.0,0x2
44:20,94.0,0x2
44:21,94.0,0x2
44:22,95.0,0x2
44:23,94.0,0x2
44:24,93.0,0x2
44:25,92.0,0x2
44:26,91.0,0x2
44:27,91.0,0x2
44:28,92.0,0x2
44:29,92.0,0x2
44:30,91.0,0x2
44:31,91.0,0x2
44:32,91.0,0x2
44:33,88.0,0x2
44:34,87.0,0x2
44:35,87.0,0x2
44:36,88.0,0x2
44:37,89.0,0x2
44:38,89.0,0x2
44:39,89.0,0x2
44:40,89.0,0x2
44:41,88.0,0x2
44:42,86.0,0x2
44:43,84.0,0x2
44:44,83.0,0x2
44:45,83.0,0x2
44:46,84.0,0x2
44:47,84.0,0x2
44:48,84.0,0x2
44:49,84.0,0x2
44:50,86.0,0x2
44:51,89.0,0x2
44:52,89.0,0x2
44:53,90.0,0x2
44:54,90.0,0x2
44:55,90.0,0x2
44:56,90.0,0x2
44:57,92.0,0x2
44:58,92.0,0x2
44:59,94.0,0x2
45:00,93.0,0x2
45:01,92.0,0x2
45:02,91.0,0x2
45:03,90.0,0x2
45:04,88.0,0x2
45:05,86.0,0x2
45:06,85.0,0x2
45:07,85.0,0x2
45:08,85.0,0x2
45:09,85.0,0x2
45:10,85.0,0x2
45:11,85.0,0x2
45:12,85.0,0x2
45:13,84.0,0x2
45:14,85.0,0x2
45:15,85.0,0x2
45:16,94.0,0x2
45:17,95.0,0x2
45:18,106.0,0x2
45:19,105.0,0x2
45:20,105.0,0x2
45:21,105.0,0x2
45:22,105.0,0x2
45:23,105.0,0x2
45:24,105.0,0x2
45:25,105.0,0x2
45:26,105.0,0x2
45:27,105.0,0x2
45:28,,0x2
45:29,,0x0
45:30,100.0,0x0
45:31,107.0,0x2
45:32,101.0,0x2
45:33,107.0,0x2
45:34,103.0,0x2
45:35,105.0,0x2
45:36,103.0,0x2
45:37,104.0,0x2
45:38,102.0,0x2
45:39,99.0,0x2
45:40,97.0,0x2
45:41,96.0,0x2
45:42,94.0,0x2
45:43,93.0,0x2
45:44,93.0,0x2
45:45,93.0,0x2
45:46,94.0,0x2
45:47,95.0,0x2
45:48,95.0,0x2
45:49,95.0,0x2
45:50,96.0,0x2
45:51,96.0,0x2
45:52,97.0,0x2
45:53,98.0,0x2
45:54,98.0,0x2
45:55,98.0,0x2
45:56,97.0,0x2
45:57,97.0,0x2
45:58,96.0,0x2
45:59,96.0,0x2
46:00,97.0,0x2
46:01,97.0,0x2
46:02,98.0,0x2
46:03,100.0,0x2
46:04,101.0,0x2
46:05,102.0,0x2
46:06,103.0,0x2
46:07,104.0,0x2
46:08,105.0,0x2
46:09,105.0,0x2
46:10,104.0,0x2
46:11,103.0,0x2
46:12,103.0,0x2
46:13,102.0,0x2
46:14,102.0,0x2
46:15,101.0,0x2
46:16,102.0,0x2
46:17,102.0,0x2
46:18,103.0,0x2
46:19,102.0,0x2
46:20,101.0,0x2
46:21,99.0,0x2
46:22,97.0,0x2
46:23,97.0,0x2
46:24,97.0,0x2
46:25,99.0,0x2
46:26,103.0,0x2
46:27,103.0,0x2
46:28,104.0,0x2
46:29,103.0,0x2
46:30,99.0,0x2
46:31,99.0,0x2
46:32,97.0,0x2
46:33,97.0,0x2
46:34,96.0,0x2
46:35,96.0,0x2
46:36,99.0,0x2
46:37,100.0,0x2
46:38,100.0,0x2
46:39,99.0,0x2
46:40,98.0,0x2
46:41,97.0,0x2
46:42,97.0,0x2
46:43,100.0,0x2
46:44,100.0,0x2
46:45,101.0,0x2
46:46,101.0,0x2
46:47,101.0,0x2
46:48,101.0,0x2
46:49,101.0,0x2
46:50,100.0,0x2
46:51,99.0,0x2
46:52,97.0,0x2
46:53,97.0,0x2
46:54,97.0,0x2
46:55,97.0,0x2
46:56,99.0,0x2
46:57,99.0,0x2
46:58,99.0,0x2
46:59,99.0,0x2
47:00,99.0,0x2
47:01,98.0,0x2
47:02,98.0,0x2
47:03,97.0,0x2
47:04,98.0,0x2
47:05,97.0,0x2
47:06,96.0,0x2
47:07,96.0,0x2
47:08,95.0,0x2
47:09,94.0,0x2
47:10,94.0,0x2
47:11,95.0,0x2
47:12,96.0,0x2
47:13,96.0,0x2
47:14,97.0,0x2
47:15,98.0,0x2
47:16,97.0,0x2
47:17,96.0,0x2
47:18,96.0,0x2
47:19,96.0,0x2
47:20,95.0,0x2
47:21,96.0,0x2
47:22,97.0,0x2
47:23,97.0,0x2
47:24,98.0,0x2
47:25,99.0,0x2
47:26,99.0,0x2
47:27,101.0,0x2
47:28,100.0,0x2
47:29,100.0,0x2
47:30,99.0,0x2
47:31,98.0,0x2
47:32,98.0,0x2
47:33,99.0,0x2
47:34,99.0,0x2
47:35,98.0,0x2
47:36,97.0,0x2
47:37,97.0,0x2
47:38,97.0,0x2
47:39,95.0,0x2
47:40,92.0,0x2
47:41,92.0,0x2
47:42,92.0,0x2
47:43,92.0,0x2
47:44,96.0,0x2
47:45,94.0,0x2
47:46,88.0,0x2
47:47,88.0,0x2
47:48,88.0,0x2
47:49,58.0,0x2
47:50,58.0,0x2
47:51,53.0,0x2
47:52,53.0,0x2
47:53,53.0,0x2
47:54,53.0,0x2
47:55,38.0,0x2
47:56,38.0,0x12
47:57,38.0,0x12
47:58,39.0,0x12
47:59,56.0,0x12
48:00,100.0,0x2
48:01,98.0,0x2
48:02,103.0,0x2
48:03,103.0,0x2
48:04,102.0,0x2
48:05,102.0,0x2
48:06,100.0,0x2
48:07,100.0,0x2
48:08,99.0,0x2
48:09,100.0,0x2
48:10,99.0,0x2
48:11,99.0,0x2
48:12,97.0,0x2
48:13,96.0,0x2
48:14,94.0,0x2
48:15,94.0,0x2
48:16,92.0,0x2
48:17,94.0,0x2
48:18,94.0,0x2
48:19,95.0,0x2
48:20,97.0,0x2
48:21,98.0,0x2
48:22,100.0,0x2
48:23,101.0,0x2
48:24,100.0,0x2
48:25,98.0,0x2
48:26,96.0,0x2
48:27,96.0,0x2
48:28,96.0,0x2
48:29,95.0,0x2
48:30,93.0,0x2
48:31,92.0,0x2
48:32,101.0,0x2
48:33,119.0,0x2
48:34,122.0,0x2
48:35,112.0,0xa
48:36,117.0,0x2
48:37,103.0,0x2
48:38,103.0,0x2
48:39,103.0,0x2
48:40,103.0,0x2
48:41,103.0,0x2
48:42,103.0,0x2
48:43,103.0,0x2
48:44,103.0,0x2
48:45,103.0,0x2
48:46,,0x2
48:47,86.0,0x0
48:48,87.0,0x2
48:49,87.0,0x2
48:50,87.0,0x2
48:51,88.0,0x2
48:52,89.0,0x2
48:53,92.0,0x2
48:54,93.0,0x2
48:55,95.0,0x2
48:56,97.0,0x2
48:57,98.0,0x2
48:58,97.0,0x2
48:59,96.0,0x2
49:00,95.0,0x2
49:01,94.0,0x2
49:02,90.0,0x2
49:03,91.0,0x2
49:04,91.0,0x2
49:05,90.0,0x2
49:06,90.0,0x2
49:07,90.0,0x2
49:08,90.0,0x2
49:09,90.0,0x2
49:10,90.0,0x2
49:11,89.0,0x2
49:12,88.0,0x2
49:13,88.0,0x2
49:14,87.0,0x2
49:15,86.0,0x2
49:16,85.0,0x2
49:17,86.0,0x2
49:18,85.0,0x2
49:19,86.0,0x2
49:20,85.0,0x2
49:21,85.0,0x2
49:22,86.0,0x2
49:23,86.0,0x2
49:24,86.0,0x2
49:25,87.0,0x2
49:26,88.0,0x2
49:27,88.0,0x2
49:28,89.0,0x2
49:29,90.0,0x2
49:30,90.0,0x2
49:31,90.0,0x2
49:32,89.0,0x2
49:33,90.0,0x2
49:34,90.0,0x2
49:35,91.0,0x2
49:36,93.0,0x2
49:37,96.0,0x2
49:38,97.0,0x2
49:39,96.0,0x2
49:40,96.0,0x2
49:41,95.0,0x2
49:42,95.0,0x2
49:43,95.0,0x2
49:44,96.0,0x2
49:45,97.0,0x2
49:46,98.0,0x2
49:47,98.0,0x2
49:48,98.0,0x2
49:49,98.0,0x2
49:50,97.0,0x2
49:51,96.0,0x2
49:52,95.0,0x2
49:53,94.0,0x2
49:54,94.0,0x2
49:55,95.0,0x2
49:56,94.0,0x2
49:57,94.0,0x2
49:58,95.0,0x2
49:59,95.0,0x2
50:00,94.0,0x2
50:01,93.0,0x2
50:02,92.0,0x2
50:03,91.0,0x2
50:04,90.0,0x2
50:05,90.0,0x2
50:06,90.0,0x2
50:07,92.0,0x2
50:08,92.0,0x2
50:09,92.0,0x2
50:10,93.0,0x2
50:11,95.0,0x2
50:12,98.0,0x2
50:13,101.0,0x2
50:14,102.0,0x2
50:15,102.0,0x2
50:16,101.0,0x2
50:17,101.0,0x2
50:18,98.0,0x2
50:19,96.0,0x2
50:20,96.0,0x2
50:21,95.0,0x2
50:22,95.0,0x2
50:23,97.0,0x2
50:24,98.0,0x2
50:25,99.0,0x2
50:26,98.0,0x2
50:27,94.0,0x2
50:28,94.0,0x2
50:29,93.0,0x2
50:30,93.0,0x2
50:31,93.0,0x2
50:32,94.0,0x2
50:33,95.0,0x2
50:34,95.0,0x2
50:35,96.0,0x2
50:36,97.0,0x2
50:37,96.0,0x2
50:38,95.0,0x2
50:39,93.0,0x2
50:40,88.0,0x2
50:41,87.0,0x2
50:42,86.0,0x2
50:43,86.0,0x2
50:44,88.0,0x2
50:45,90.0,0x2
50:46,96.0,0x2
50:47,96.0,0x2
50:48,97.0,0x2
50:49,98.0,0x2
50:50,98.0,0x2
50:51,97.0,0x2
50:52,96.0,0x2
50:53,94.0,0x2
50:54,94.0,0x2
50:55,90.0,0x2
50:56,88.0,0x2
50:57,85.0,0x2
50:58,85.0,0x2
50:59,84.0,0x2
51:00,84.0,0x2
51:01,85.0,0x2
51:02,86.0,0x2
51:03,88.0,0x2
51:04,89.0,0x2
51:05,89.0,0x2
51:06,88.0,0x2
51:07,88.0,0x2
51:08,86.0,0x2
51:09,86.0,0x2
51:10,85.0,0x2
51:11,85.0,0x2
51:12,85.0,0x2
51:13,86.0,0x2
51:14,86.0,0x2
51:15,85.0,0x2
51:16,85.0,0x2
51:17,84.0,0x2
51:18,83.0,0x2
51:19,83.0,0x2
51:20,83.0,0x2
51:21,84.0,0x2
51:22,84.0,0x2
51:23,85.0,0x2
51:24,88.0,0x2
51:25,90.0,0x2
51:26,90.0,0x2
51:27,90.0,0x2
51:28,90.0,0x2
51:29,88.0,0x2
51:30,87.0,0x2
51:31,88.0,0x2
51:32,88.0,0x2
51:33,88.0,0x2
51:34,88.0,0x2
51:35,87.0,0x2
51:36,86.0,0x2
51:37,84.0,0x2
51:38,82.0,0x2
51:39,81.0,0x2
51:40,81.0,0x2
51:41,82.0,0x2
51:42,82.0,0x2
51:43,82.0,0x2
51:44,82.0,0x2
51:45,82.0,0x2
51:46,82.0,0x2
51:47,82.0,0x2
51:48,82.0,0x2
51:49,81.0,0x2
51:50,81.0,0x2
51:51,80.0,0x2
51:52,80.0,0x2
51:53,80.0,0x2
51:54,80.0,0x2
51:55,81.0,0x2
51:56,82.0,0x2
51:57,83.0,0x2
51:58,84.0,0x2
51:59,84.0,0x2
52:00,84.0,0x2
52:01,84.0,0x2
52:02,84.0,0x2
52:03,84.0,0x2
52:04,84.0,0x2
52:05,84.0,0x2
52:06,85.0,0x2
52:07,85.0,0x2
52:08,85.0,0x2
52:09,84.0,0x2
52:10,84.0,0x2
52:11,84.0,0x2
52:12,83.0,0x2
52:13,82.0,0x2
52:14,81.0,0x2
52:15,81.0,0x2
52:16,81.0,0x2
52:17,81.0,0x2
52:18,81.0,0x2
52:19,82.0,0x2
52:20,82.0,0x2
52:21,82.0,0x2
52:22,82.0,0x2
52:23,82.0,0x2
52:24,80.0,0x2
52:25,79.0,0x2
52:26,79.0,0x2
52:27,80.0,0x2
52:28,80.0,0x2
52:29,81.0,0x2
52:30,82.0,0x2
52:31,81.0,0x2
52:32,81.0,0x2
52:33,80.0,0x2
52:34,78.0,0x2
52:35,78.0,0x2
52:36,78.0,0x2
52:37,79.0,0x2
52:38,80.0,0x2
52:39,82.0,0x2
52:40,84.0,0x2
52:41,85.0,0x2
52:42,86.0,0x2
52:43,86.0,0x2
52:44,86.0,0x2
52:45,88.0,0x2
52:46,88.0,0x2
52:47,90.0,0x2
52:48,89.0,0x2
52:49,88.0,0x2
52:50,87.0,0x2
52:51,85.0,0x2
52:52,81.0,0x2
52:53,79.0,0x2
52:54,78.0,0x2
52:55,77.0,0x2
52:56,76.0,0x2
52:57,77.0,0x2
52:58,77.0,0x2
52:59,78.0,0x2
53:00,81.0,0x2
53:01,82.0,0x2
53:02,83.0,0x2
53:03,83.0,0x2
53:04,83.0,0x2
53:05,84.0,0x2
53:06,84.0,0x2
53:07,83.0,0x2
53:08,83.0,0x2
53:09,83.0,0x2
53:10,82.0,0x2
53:11,81.0,0x2
53:12,81.0,0x2
53:13,80.0,0x2
53:14,80.0,0x2
53:15,79.0,0x2
53:16,79.0,0x2
53:17,80.0,0x2
53:18,81.0,0x2
53:19,82.0,0x2
53:20,83.0,0x2
53:21,83.0,0x2
53:22,83.0,0x2
53:23,83.0,0x2
53:24,81.0,0x2
53:25,80.0,0x2
53:26,78.0,0x2
53:27,79.0,0x2
53:28,79.0,0x2
53:29,80.0,0x2
53:30,80.0,0x2
53:31,82.0,0x2
53:32,82.0,0x2
53:33,82.0,0x2
53:34,81.0,0x2
53:35,81.0,0x2
53:36,80.0,0x2
53:37,80.0,0x2
53:38,79.0,0x2
53:39,78.0,0x2
53:40,78.0,0x2
53:41,78.0,0x2
53:42,78.0,0x2
53:43,78.0,0x2
53:44,79.0,0x2
53:45,80.0,0x2
53:46,80.0,0x2
53:47,80.0,0x2
53:48,81.0,0x2
53:49,82.0,0x2
53:50,82.0,0x2
53:51,82.0,0x2
53:52,83.0,0x2
53:53,83.0,0x2
53:54,84.0,0x2
53:55,85.0,0x2
53:56,87.0,0x2
53:57,88.0,0x2
53:58,88.0,0x2
53:59,87.0,0x2
54:00,86.0,0x2
54:01,84.0,0x2
54:02,83.0,0x2
54:03,81.0,0x2
54:04,81.0,0x2
54:05,81.0,0x2
54:06,82.0,0x2
54:07,83.0,0x2
54:08,83.0,0x2
54:09,84.0,0x2
54:10,86.0,0x2
54:11,89.0,0x2
54:12,89.0,0x2
54:13,89.0,0x2
54:14,86.0,0x2
54:15,85.0,0x2
54:16,84.0,0x2
54:17,82.0,0x2
54:18,80.0,0x2
54:19,80.0,0x2
54:20,80.0,0x2
54:21,80.0,0x2
54:22,81.0,0x2
54:23,82.0,0x2
54:24,82.0,0x2
54:25,83.0,0x2
54:26,84.0,0x2
54:27,84.0,0x2
54:28,84.0,0x2
54:29,84.0,0x2
54:30,83.0,0x2
54:31,82.0,0x2
54:32,81.0,0x2
54:33,80.0,0x2
54:34,79.0,0x2
54:35,80.0,0x2
54:36,82.0,0x2
54:37,83.0,0x2
54:38,84.0,0x2
54:39,85.0,0x2
54:40,86.0,0x2
54:41,86.0,0x2
54:42,85.0,0x2
54:43,84.0,0x2
54:44,83.0,0x2
54:45,83.0,0x2
54:46,83.0,0x2
54:47,83.0,0x2
54:48,84.0,0x2
54:49,84.0,0x2
54:50,85.0,0x2
54:51,85.0,0x2
54:52,85.0,0x2
54:53,84.0,0x2
54:54,84.0,0x2
54:55,83.0,0x2
54:56,82.0,0x2
54:57,81.0,0x2
54:58,81.0,0x2
54:59,80.0,0x2
55:00,80.0,0x2
55:01,81.0,0x2
55:02,81.0,0x2
55:03,82.0,0x2
55:04,82.0,0x2
55:05,82.0,0x2
55:06,82.0,0x2
55:07,82.0,0x2
55:08,82.0,0x2
55:09,80.0,0x2
55:10,79.0,0x2
55:11,79.0,0x2
55:12,80.0,0x2
55:13,81.0,0x2
55:14,81.0,0x2
55:15,78.0,0x2
55:16,89.0,0x2
55:17,88.0,0x2
55:18,88.0,0x2
55:19,89.0,0x2
55:20,89.0,0x2
55:21,89.0,0x2
55:22,89.0,0x2
55:23,64.0,0x2
55:24,64.0,0x2
55:25,64.0,0x2
55:26,53.0,0x2
55:27,56.0,0x2
55:28,90.0,0x2
55:29,87.0,0x2
55:30,118.0,0x2
55:31,100.0,0x2
55:32,100.0,0x2
55:33,100.0,0x2
55:34,67.0,0x2
55:35,67.0,0x2
55:36,67.0,0x2
55:37,67.0,0x2
55:38,44.0,0x2
55:39,44.0,0x2
55:40,40.0,0x2
55:41,38.0,0x12
55:42,38.0,0x12
55:43,40.0,0x12
55:44,40.0,0x12
55:45,40.0,0x12
55:46,48.0,0x12
55:47,76.0,0x2
55:48,95.0,0x2
55:49,95.0,0x2
55:50,95.0,0x2
55:51,94.0,0x2
55:52,94.0,0x2
55:53,94.0,0x2
55:54,91.0,0x2
55:55,91.0,0x2
55:56,91.0,0x2
55:57,92.0,0x2
55:58,88.0,0x2
55:59,87.0,0x2
56:00,87.0,0x2
56:01,86.0,0x2
56:02,85.0,0x2
56:03,84.0,0x2
56:04,85.0,0x2
56:05,85.0,0x2
56:06,85.0,0x2
56:07,85.0,0x2
56:08,85.0,0x2
56:09,85.0,0x2
56:10,85.0,0x2
56:11,82.0,0x2
56:12,81.0,0x2
56:13,80.0,0x2
56:14,80.0,0x2
56:15,80.0,0x2
56:16,80.0,0x2
56:17,81.0,0x2
56:18,83.0,0x2
56:19,84.0,0x2
56:20,85.0,0x2
56:21,85.0,0x2
56:22,85.0,0x2
56:23,85.0,0x2
56:24,84.0,0x2
56:25,83.0,0x2
56:26,83.0,0x2
56:27,84.0,0x2
56:28,85.0,0x2
56:29,86.0,0x2
56:30,86.0,0x2
56:31,88.0,0x2
56:32,89.0,0x2
56:33,91.0,0x2
56:34,92.0,0x2
56:35,93.0,0x2
56:36,94.0,0x2
56:37,93.0,0x2
56:38,92.0,0x2
56:39,92.0,0x2
56:40,92.0,0x2
56:41,91.0,0x2
56:42,90.0,0x2
56:43,86.0,0x2
56:44,76.0,0x2
56:45,76.0,0x2
56:46,71.0,0x2
56:47,70.0,0x2
56:48,70.0,0x2
56:49,63.0,0x2
56:50,67.0,0x2
56:51,72.0,0x2
56:52,75.0,0x2
56:53,81.0,0x2
56:54,81.0,0x2
56:55,81.0,0x2
56:56,81.0,0x2
56:57,81.0,0x2
56:58,81.0,0x2
56:59,81.0,0x2
57:00,81.0,0x2
57:01,,0x2
57:02,,0x0
57:03,,0x0
57:04,90.0,0x0
57:05,91.0,0x2
57:06,93.0,0x2
57:07,79.0,0x2
57:08,81.0,0x2
57:09,84.0,0x2
57:10,85.0,0x2
57:11,85.0,0x2
57:12,97.0,0x2
57:13,97.0,0x2
57:14,97.0,0x2
57:15,97.0,0x2
57:16,97.0,0x2
57:17,97.0,0x2
57:18,84.0,0x2
57:19,84.0,0x2
57:20,84.0,0x2
57:21,83.0,0x2
57:22,81.0,0x2
57:23,91.0,0x2
57:24,90.0,0x2
57:25,86.0,0x2
57:26,86.0,0x2
57:27,85.0,0x2
57:28,85.0,0x2
57:29,84.0,0x2
57:30,85.0,0x2
57:31,86.0,0x2
57:32,87.0,0x2
57:33,92.0,0x2
57:34,92.0,0x2
57:35,96.0,0x2
57:36,103.0,0x2
57:37,101.0,0x2
57:38,86.0,0x2
57:39,86.0,0x2
57:40,79.0,0x2
57:41,84.0,0x2
57:42,81.0,0x2
57:43,126.0,0x2
57:44,121.0,0x2
57:45,108.0,0xa
57:46,108.0,0x2
57:47,108.0,0x2
57:48,108.0,0x2
57:49,108.0,0x2
57:50,108.0,0x2
57:51,108.0,0x2
57:52,108.0,0x2
57:53,,0x2
57:54,,0x0
57:55,84.0,0x0
57:56,84.0,0x2
57:57,84.0,0x2
57:58,84.0,0x2
57:59,83.0,0x2
58:00,82.0,0x2
58:01,81.0,0x2
58:02,80.0,0x2
58:03,80.0,0x2
58:04,78.0,0x2
58:05,78.0,0x2
58:06,78.0,0x2
58:07,79.0,0x2
58:08,80.0,0x2
58:09,82.0,0x2
58:10,83.0,0x2
58:11,84.0,0x2
58:12,83.0,0x2
58:13,83.0,0x2
58:14,82.0,0x2
58:15,81.0,0x2
58:16,81.0,0x2
58:17,80.0,0x2
58:18,81.0,0x2
58:19,81.0,0x2
58:20,81.0,0x2
58:21,83.0,0x2
58:22,83.0,0x2
58:23,85.0,0x2
58:24,85.0,0x2
58:25,85.0,0x2
58:26,85.0,0x2
58:27,84.0,0x2
58:28,83.0,0x2
58:29,83.0,0x2
58:30,82.0,0x2
58:31,81.0,0x2
58:32,81.0,0x2
58:33,81.0,0x2
58:34,82.0,0x2
58:35,83.0,0x2
58:36,84.0,0x2
58:37,85.0,0x2
58:38,85.0,0x2
58:39,85.0,0x2
58:40,85.0,0x2
58:41,84.0,0x2
58:42,84.0,0x2
58:43,83.0,0x2
58:44,83.0,0x2
58:45,83.0,0x2
58:46,83.0,0x2
58:47,86.0,0x2
58:48,86.0,0x2
58:49,78.0,0x2
58:50,78.0,0x2
58:51,73.0,0x2
58:52,75.0,0x2
58:53,76.0,0x2
58:54,75.0,0x2
58:55,96.0,0x2
58:56,110.0,0x2
58:57,115.0,0x2
58:58,115.0,0x2
58:59,115.0,0x2
59:00,115.0,0x2
59:01,115.0,0x2
59:02,115.0,0x2
59:03,115.0,0x2
59:04,115.0,0x2
59:05,115.0,0x2
59:06,115.0,0x2
59:07,115.0,0x2
59:08,115.0,0x2
59:09,,0x2
59:10,,0x0
59:11,,0x0
59:12,,0x0
59:13,,0x0
59:14,,0x0
59:15,,0x0
59:16,,0x0
59:17,,0x0
59:18,,0x0
59:19,,0x0
59:20,,0x0
59:21,,0x0
59:22,,0x0
59:23,,0x0
59:24,,0x0
59:25,,0x0
59:26,,0x0
59:27,,0x0
59:28,,0x0
59:29,,0x0
59:30,,0x0
59:31,,0x0
59:32,,0x0
59:33,,0x0
59:34,,0x0
59:35,,0x0
59:36,,0x0
59:37,,0x0
59:38,,0x0
59:39,,0x0
59:40,,0x0
59:41,,0x0
59:42,,0x0
59:43,,0x0
59:44,,0x0
59:45,,0x0
59:46,,0x0
59:47,,0x0
59:48,,0x0
59:49,,0x0
59:50,,0x0
59:51,,0x0
59:52,,0x0
59:53,,0x0
59:54,,0x0
59:55,,0x0
59:56,,0x0
59:57,,0x0
59:58,,0x0
59:59,,0x0
60:00,,0x0
60:01,,0x0
60:02,,0x0
60:03,,0x0
60:04,,0x0
60:05,,0x0
60:06,,0x0
60:07,,0x0
60:08,,0x0
60:09,,0x0
60:10,,0x0
60:11,,0x0
60:12,,0x0
60:13,,0x0
60:14,,0x0
60:15,,0x0
60:16,,0x0
60:17,,0x0
60:18,,0x0
60:19,,0x0
60:20,,0x0
60:21,,0x0
60:22,,0x0
60:23,,0x0
60:24,,0x0
60:25,,0x0
60:26,,0x0
60:27,,0x0
60:28,,0x0
60:29,,0x0
60:30,,0x0
60:31,,0x0
60:32,,0x0
60:33,,0x0
60:34,,0x0
60:35,,0x0
60:36,,0x0
60:37,,0x0
60:38,,0x0
60:39,,0x0
60:40,,0x0
60:41,,0x0
60:42,,0x0
60:43,,0x0
60:44,,0x0
60:45,,0x0
60:46,,0x0
60:47,,0x0
60:48,,0x0
60:49,,0x0
60:50,,0x0
60:51,,0x0
60:52,,0x0
60:53,,0x0
60:54,,0x0
60:55,,0x0
60:56,,0x0
60:57,,0x0
60:58,,0x0
60:59,,0x0
61:00,,0x0
61:01,,0x0
61:02,,0x0
61:03,,0x0
61:04,,0x0
61:05,,0x0
61:06,,0x0
61:07,,0x0
61:08,,0x0
61:09,,0x0
61:10,,0x0
61:11,,0x0
61:12,,0x0
61:13,,0x0
61:14,,0x0
61:15,,0x0
61:16,,0x0
61:17,,0x0
61:18,,0x0
61:19,,0x0
61:20,,0x0
61:21,,0x0
61:22,,0x0
61:23,,0x0
61:24,,0x0
61:25,,0x0
61:26,,0x0
61:27,,0x0
61:28,,0x0
61:29,,0x0
61:30,,0x0
61:31,,0x0
61:32,,0x0
61:33,,0x0
61:34,,0x0
61:35,,0x0
61:36,,0x0
61:37,,0x0
61:38,,0x0
61:39,,0x0
61:40,,0x0
61:41,,0x0
61:42,,0x0
61:43,,0x0
61:44,,0x0
61:45,,0x0
61:46,,0x0
61:47,,0x0
61:48,,0x0
61:49,,0x0
61:50,,0x0
61:51,,0x0
61:52,,0x0
61:53,,0x0
61:54,,0x0
61:55,,0x0
61:56,,0x0
61:57,,0x0
61:58,,0x0
61:59,,0x0
62:00,,0x0
62:01,,0x0
62:02,,0x0
62:03,,0x0
62:04,,0x0
62:05,,0x0
62:06,,0x0
62:07,,0x0
62:08,,0x0
62:09,,0x0
62:10,,0x0
62:11,,0x0
62:12,,0x0
62:13,,0x0
62:14,,0x0
62:15,,0x0
62:16,,0x0
62:17,,0x0
62:18,,0x0
62:19,,0x0
62:20,,0x0
62:21,,0x0
62:22,,0x0
62:23,,0x0
62:24,,0x0
62:25,,0x0
62:26,,0x0
62:27,,0x0
62:28,,0x0
62:29,,0x0
62:30,,0x0
62:31,,0x0
62:32,,0x0
62:33,,0x0
62:34,,0x0
62:35,,0x0
62:36,,0x0
62:37,,0x0
62:38,,0x0
62:39,,0x0
62:40,,0x0
62:41,,0x0
62:42,,0x0
62:43,,0x0
62:44,,0x0
62:45,,0x0
62:46,,0x0
62:47,,0x0
62:48,,0x0
62:49,,0x0
62:50,,0x0
62:51,,0x0
62:52,,0x0
62:53,,0x0
62:54,,0x0
62:55,,0x0
62:56,,0x0
62:57,,0x0
62:58,,0x0
62:59,,0x0
63:00,,0x0
63:01,,0x0
63:02,,0x0
63:03,,0x0
63:04,,0x0
63:05,,0x0
63:06,,0x0
63:07,,0x0
63:08,,0x0
63:09,,0x0
63:10,,0x0
63:11,,0x0
63:12,,0x0
63:13,,0x0
63:14,,0x0
63:15,,0x0
63:16,,0x0
63:17,,0x0
63:18,,0x0
63:19,,0x0
63:20,,0x0
63:21,,0x0
63:22,,0x0
63:23,,0x0
63:24,,0x0
63:25,,0x0
63:26,,0x0
63:27,,0x0
63:28,,0x0
63:29,,0x0
63:30,,0x0
63:31,,0x0
63:32,,0x0
63:33,,0x0
63:34,,0x0
63:35,,0x0
63:36,,0x0
63:37,,0x0
63:38,,0x0
63:39,,0x0
63:40,,0x0
63:41,,0x0
63:42,,0x0
63:43,,0x0
63:44,,0x0
63:45,,0x0
63:46,,0x0
63:47,,0x0
63:48,,0x0
63:49,,0x0
63:50,,0x0
63:51,,0x0
63:52,,0x0
63:53,,0x0
63:54,,0x0
63:55,,0x0
63:56,,0x0
63:57,,0x0
63:58,,0x0
63:59,,0x0
64:00,,0x0
64:01,,0x0
64:02,,0x0
64:03,,0x0
64:04,,0x0
64:05,,0x0
64:06,,0x0
64:07,,0x0
64:08,,0x0
64:09,,0x0
64:10,,0x0
64:11,,0x0
64:12,,0x0
64:13,,0x0
64:14,,0x0
64:15,,0x0
64:16,,0x0
64:17,,0x0
64:18,,0x0
64:19,,0x0
64:20,,0x0
64:21,,0x0
64:22,,0x0
64:23,,0x0
64:24,,0x0
64:25,,0x0
64:26,,0x0
64:27,,0x0
64:28,,0x0
64:29,,0x0
64:30,,0x0
64:31,,0x0
64:32,,0x0
64:33,,0x0
64:34,,0x0
64:35,,0x0
64:36,,0x0
64:37,,0x0
64:38,,0x0
64:39,,0x0
64:40,,0x0
64:41,,0x0
64:42,,0x0
64:43,,0x0
64:44,,0x0
64:45,,0x0
64:46,,0x0
64:47,,0x0
64:48,,0x0
64:49,,0x0
64:50,,0x0
64:51,,0x0
64:52,,0x0
64:53,,0x0
64:54,,0x0
64:55,,0x0
64:56,,0x0
64:57,,0x0
64:58,,0x0
64:59,,0x0
65:00,,0x0
65:01,,0x0
65:02,,0x0
65:03,,0x0
65:04,,0x0
65:05,,0x0
65:06,,0x0
65:07,,0x0
65:08,,0x0
65:09,,0x0
65:10,,0x0
65:11,,0x0
65:12,,0x0
65:13,,0x0
65:14,,0x0
65:15,,0x0
65:16,,0x0
65:17,,0x0
65:18,,0x0
65:19,,0x0
65:20,,0x0
65:21,,0x0
65:22,,0x0
65:23,,0x0
65:24,,0x0
65:25,,0x0
65:26,,0x0
65:27,,0x0
65:28,,0x0
65:29,,0x0
65:30,,0x0
65:31,,0x0
65:32,,0x0
65:33,,0x0
65:34,,0x0
65:35,,0x0
65:36,,0x0
65:37,,0x0
65:38,,0x0
65:39,,0x0
65:40,,0x0
65:41,,0x0
65:42,,0x0
65:43,,0x0
65:44,,0x0
65:45,,0x0
65:46,,0x0
65:47,,0x0
65:48,,0x0
65:49,,0x0
65:50,,0x0
65:51,,0x0
65:52,,0x0
65:53,,0x0
65:54,,0x0
65:55,,0x0
65:56,,0x0
65:57,,0x0
65:58,,0x0
65:59,,0x0
66:00,,0x0
66:01,,0x0
66:02,,0x0
66:03,,0x0
66:04,,0x0
66:05,,0x0
66:06,,0x0
66:07,,0x0
66:08,,0x0
66:09,,0x0
66:10,,0x0
66:11,,0x0
66:12,,0x0
66:13,,0x0
66:14,,0x0
66:15,,0x0
66:16,,0x0
66:17,,0x0
66:18,,0x0
66:19,,0x0
66:20,,0x0
66:21,,0x0
66:22,,0x0
66:23,,0x0
66:24,,0x0
66:25,,0x0
66:26,,0x0
66:27,,0x0
66:28,,0x0
66:29,,0x0
66:30,,0x0
66:31,,0x0
66:32,,0x0
66:33,,0x0
66:34,,0x0
66:35,,0x0
66:36,,0x0
66:37,,0x0
66:38,,0x0
66:39,,0x0
66:40,,0x0
66:41,,0x0
66:42,,0x0
66:43,,0x0
66:44,,0x0
66:45,,0x0
66:46,,0x0
66:47,,0x0
66:48,,0x0
66:49,,0x0
66:50,,0x0
66:51,,0x0
66:52,,0x0
66:53,,0x0
66:54,,0x0
66:55,,0x0
66:56,,0x0
66:57,,0x0
66:58,,0x0
66:59,,0x0
67:00,,0x0
67:01,,0x0
67:02,,0x0
67:03,,0x0
67:04,,0x0
67:05,,0x0
67:06,,0x0
67:07,,0x0
67:08,,0x0
67:09,,0x0
67:10,,0x0
67:11,,0x0
67:12,,0x0
67:13,,0x0
67:14,,0x0
67:15,,0x0
67:16,,0x0
67:17,,0x0
67:18,,0x0
67:19,,0x0
67:20,,0x0
67:21,,0x0
67:22,,0x0
67:23,,0x0
67:24,,0x0
67:25,,0x0
67:26,,0x0
67:27,,0x0
67:28,,0x0
67:29,,0x0
67:30,,0x0
67:31,,0x0
67:32,,0x0
67:33,,0x0
67:34,,0x0
67:35,,0x0
67:36,,0x0
67:37,,0x0
67:38,,0x0
67:39,,0x0
67:40,,0x0
67:41,,0x0
67:42,,0x0
67:43,,0x0
67:44,,0x0
67:45,,0x0
67:46,,0x0
67:47,,0x0
67:48,,0x0
67:49,,0x0
67:50,,0x0
67:51,,0x0
67:52,,0x0
67:53,,0x0
67:54,,0x0
67:55,,0x0
67:56,,0x0
67:57,,0x0
67:58,,0x0
67:59,,0x0
68:00,,0x0
68:01,,0x0
68:02,,0x0
68:03,,0x0
68:04,,0x0
68:05,,0x0
68:06,,0x0
68:07,,0x0
68:08,,0x0
68:09,,0x0
68:10,,0x0
68:11,,0x0
68:12,,0x0
68:13,,0x0
68:14,,0x0
68:15,,0x0
68:16,,0x0
68:17,,0x0
68:18,,0x0
68:19,,0x0
68:20,,0x0
68:21,,0x0
68:22,,0x0
68:23,,0x0
68:24,,0x0
68:25,,0x0
68:26,,0x0
68:27,,0x0
68:28,,0x0
68:29,,0x0
68:30,,0x0
68:31,,0x0
68:32,,0x0
68:33,,0x0
68:34,,0x0
68:35,,0x0
68:36,,0x0
68:37,,0x0
68:38,,0x0
68:39,,0x0
68:40,,0x0
68:41,,0x0
68:42,,0x0
68:43,,0x0
68:44,,0x0
68:45,,0x0
68:46,,0x0
68:47,,0x0
68:48,,0x0
68:49,,0x0
68:50,,0x0
68:51,,0x0
68:52,,0x0
68:53,,0x0
68:54,,0x0
68:55,,0x0
68:56,,0x0
68:57,,0x0
68:58,,0x0
68:59,,0x0
69:00,,0x0
69:01,,0x0
69:02,,0x0
69:03,,0x0
69:04,,0x0
69:05,,0x0
69:06,,0x0
69:07,,0x0
69:08,,0x0
69:09,,0x0
69:10,,0x0
69:11,,0x0
69:12,,0x0
69:13,,0x0
69:14,,0x0
69:15,,0x0
69:16,,0x0
69:17,,0x0
69:18,,0x0
69:19,,0x0
69:20,,0x0
69:21,,0x0
69:22,,0x0
69:23,,0x0
69:24,,0x0
69:25,,0x0
69:26,,0x0
69:27,,0x0
69:28,,0x0
69:29,,0x0
69:30,,0x0
69:31,,0x0
69:32,,0x0
69:33,,0x0
69:34,,0x0
69:35,,0x0
69:36,,0x0
69:37,,0x0
69:38,,0x0
69:39,,0x0
69:40,,0x0
69:41,,0x0
69:42,,0x0
69:43,,0x0
69:44,,0x0
69:45,,0x0
69:46,,0x0
69:47,,0x0
69:48,,0x0
69:49,,0x0
69:50,,0x0
69:51,,0x0
69:52,,0x0
69:53,,0x0
69:54,,0x0
69:55,,0x0
69:56,,0x0
69:57,,0x0
69:58,,0x0
69:59,,0x0
70:00,,0x0
70:01,,0x0
70:02,,0x0
70:03,,0x0
70:04,,0x0
70:05,,0x0
70:06,,0x0
70:07,,0x0
70:08,,0x0
70:09,,0x0
70:10,,0x0
70:11,,0x0
70:12,,0x0
70:13,,0x0
70:14,,0x0
70:15,,0x0
70:16,,0x0
70:17,,0x0
70:18,,0x0
70:19,,0x0
70:20,,0x0
70:21,,0x0
70:22,,0x0
70:23,,0x0
70:24,,0x0
70:25,,0x0
70:26,,0x0
70:27,,0x0
70:28,,0x0
70:29,,0x0
70:30,,0x0
70:31,,0x0
70:32,,0x0
70:33,,0x0
70:34,,0x0
70:35,,0x0
70:36,,0x0
70:37,,0x0
70:38,,0x0
70:39,,0x0
70:40,,0x0
70:41,,0x0
70:42,,0x0
70:43,,0x0
70:44,,0x0
70:45,,0x0
70:46,,0x0
70:47,,0x0
70:48,,0x0
70:49,,0x0
70:50,,0x0
70:51,,0x0
70:52,,0x0
70:53,,0x0
70:54,,0x0
70:55,,0x0
70:56,,0x0
70:57,,0x0
70:58,,0x0
70:59,,0x0
71:00,,0x0
71:01,,0x0
71:02,,0x0
71:03,,0x0
71:04,,0x0
71:05,,0x0
71:06,,0x0
71:07,,0x0
71:08,,0x0
71:09,,0x0
71:10,,0x0
71:11,,0x0
71:12,,0x0
71:13,,0x0
71:14,,0x0
71:15,,0x0
71:16,,0x0
71:17,,0x0
71:18,,0x0
71:19,,0x0
71:20,,0x0
71:21,,0x0
71:22,,0x0
71:23,,0x0
71:24,,0x0
71:25,,0x0
71:26,,0x0
71:27,,0x0
71:28,,0x0
71:29,,0x0
71:30,,0x0
71:31,,0x0
71:32,,0x0
71:33,,0x0
71:34,,0x0
71:35,,0x0
71:36,,0x0
71:37,,0x0
71:38,,0x0
71:39,,0x0
71:40,,0x0
71:41,,0x0
71:42,,0x0
71:43,,0x0
71:44,,0x0
71:45,,0x0
71:46,,0x0
71:47,,0x0
71:48,,0x0
71:49,,0x0
71:50,,0x0
71:51,,0x0
71:52,,0x0
71:53,,0x0
71:54,,0x0
71:55,,0x0
71:56,,0x0
71:57,,0x0
71:58,,0x0
71:59,,0x0
72:00,,0x0
72:01,,0x0
72:02,,0x0
72:03,,0x0
72:04,,0x0
72:05,,0x0
72:06,,0x0
72:07,,0x0
72:08,,0x0
72:09,,0x0
72:10,,0x0
72:11,,0x0
72:12,,0x0
72:13,,0x0
72:14,,0x0
72:15,,0x0
72:16,,0x0
72:17,,0x0
72:18,,0x0
72:19,,0x0
72:20,,0x0
72:21,,0x0
72:22,,0x0
72:23,,0x0
72:24,,0x0
72:25,,0x0
72:26,,0x0
72:27,,0x0
72:28,,0x0
72:29,,0x0
72:30,,0x0
72:31,,0x0
72:32,,0x0
72:33,,0x0
72:34,,0x0
72:35,,0x0
72:36,,0x0
72:37,,0x0
72:38,,0x0
72:39,,0x0
72:40,,0x0
72:41,,0x0
72:42,,0x0
72:43,,0x0
72:44,,0x0
72:45,,0x0
72:46,,0x0
72:47,,0x0
72:48,,0x0
72:49,,0x0
72:50,,0x0
72:51,,0x0
72:52,,0x0
72:53,,0x0
72:54,,0x0
72:55,,0x0
72:56,,0x0
72:57,,0x0
72:58,,0x0
72:59,,0x0
73:00,,0x0
73:01,,0x0
73:02,,0x0
73:03,,0x0
73:04,,0x0
73:05,,0x0
73:06,,0x0
73:07,,0x0
73:08,,0x0
73:09,,0x0
73:10,,0x0
73:11,,0x0
73:12,,0x0
73:13,,0x0
73:14,,0x0
73:15,,0x0
73:16,,0x0
73:17,,0x0
73:18,,0x0
73:19,,0x0
73:20,,0x0
73:21,,0x0
73:22,,0x0
73:23,,0x0
73:24,,0x0
73:25,,0x0
73:26,,0x0
73:27,,0x0
73:28,,0x0
73:29,,0x0
73:30,,0x0
73:31,,0x0
73:32,,0x0
73:33,,0x0
73:34,,0x0
73:35,,0x0
73:36,,0x0
73:37,,0x0
73:38,,0x0
73:39,,0x0
73:40,,0x0
73:41,,0x0
73:42,,0x0
73:43,,0x0
73:44,,0x0
73:45,,0x0
73:46,,0x0
73:47,,0x0
73:48,,0x0
73:49,,0x0
73:50,,0x0
73:51,,0x0
73:52,,0x0
73:53,,0x0
73:54,,0x0
73:55,,0x0
73:56,,0x0
73:57,,0x0
73:58,,0x0
73:59,,0x0
74:00,,0x0
74:01,,0x0
74:02,,0x0
74:03,,0x0
74:04,,0x0
74:05,,0x0
74:06,,0x0
74:07,,0x0
74:08,,0x0
74:09,,0x0
74:10,,0x0
74:11,,0x0
74:12,,0x0
74:13,,0x0
74:14,,0x0
74:15,,0x0
74:16,,0x0
74:17,,0x0
74:18,,0x0
74:19,,0x0
74:20,,0x0
74:21,,0x0
74:22,,0x0
74:23,,0x0
74:24,,0x0
74:25,,0x0
74:26,,0x0
74:27,,0x0
74:28,,0x0
74:29,,0x0
74:30,,0x0
74:31,,0x0
74:32,,0x0
74:33,,0x0
74:34,,0x0
74:35,,0x0
74:36,,0x0
74:37,,0x0
74:38,,0x0
74:39,,0x0
74:40,,0x0
74:41,,0x0
74:42,,0x0
74:43,,0x0
74:44,,0x0
74:45,,0x0
74:46,,0x0
74:47,,0x0
74:48,,0x0
74:49,,0x0
74:50,,0x0
74:51,,0x0
74:52,,0x0
74:53,,0x0
74:54,,0x0
74:55,,0x0
74:56,,0x0
74:57,,0x0
74:58,,0x0
74:59,,0x0
75:00,,0x0
75:01,,0x0
75:02,,0x0
75:03,,0x0
75:04,,0x0
75:05,,0x0
75:06,,0x0
75:07,,0x0
75:08,,0x0
75:09,,0x0
75:10,,0x0
75:11,,0x0
75:12,,0x0
75:13,,0x0
75:14,,0x0
75:15,,0x0
75:16,,0x0
75:17,,0x0
75:18,,0x0
75:19,,0x0
75:20,,0x0
75:21,,0x0
75:22,,0x0
75:23,,0x0
75:24,,0x0
75:25,,0x0
75:26,,0x0
75:27,,0x0
75:28,,0x0
75:29,,0x0
75:30,,0x0
75:31,,0x0
75:32,,0x0
75:33,,0x0
75:34,,0x0
75:35,,0x0
75:36,,0x0
75:37,,0x0
75:38,,0x0
75:39,,0x0
75:40,,0x0
75:41,,0x0
75:42,,0x0
75:43,,0x0
75:44,,0x0
75:45,,0x0
75:46,,0x0
75:47,,0x0
75:48,,0x0
75:49,,0x0
75:50,,0x0
75:51,,0x0
75:52,,0x0
75:53,,0x0
75:54,,0x0
75:55,,0x0
75:56,,0x0
75:57,,0x0
75:58,,0x0
75:59,,0x0
76:00,,0x0
76:01,,0x0
76:02,,0x0
76:03,,0x0
76:04,,0x0
76:05,,0x0
76:06,,0x0
76:07,,0x0
76:08,,0x0
76:09,,0x0
76:10,,0x0
76:11,,0x0
76:12,,0x0
76:13,,0x0
76:14,,0x0
76:15,,0x0
76:16,,0x0
76:17,,0x0
76:18,,0x0
76:19,,0x0
76:20,,0x0
76:21,,0x0
76:22,,0x0
76:23,,0x0
76:24,,0x0
76:25,,0x0
76:26,,0x0
76:27,,0x0
76:28,,0x0
76:29,,0x0
76:30,,0x0
76:31,,0x0
76:32,,0x0
76:33,,0x0
76:34,,0x0
76:35,,0x0
76:36,,0x0
76:37,,0x0
76:38,,0x0
76:39,,0x0
76:40,,0x0
76:41,,0x0
76:42,,0x0
76:43,,0x0
76:44,,0x0
76:45,,0x0
76:46,,0x0
76:47,,0x0
76:48,,0x0
76:49,,0x0
76:50,,0x0
76:51,,0x0
76:52,,0x0
76:53,,0x0
76:54,,0x0
76:55,,0x0
76:56,,0x0
76:57,,0x0
76:58,,0x0
76:59,,0x0
77:00,,0x0
77:01,,0x0
77:02,,0x0
77:03,,0x0
77:04,,0x0
77:05,,0x0
77:06,,0x0
77:07,,0x0
77:08,,0x0
77:09,,0x0
77:10,,0x0
77:11,,0x0
77:12,,0x0
77:13,,0x0
77:14,,0x0
77:15,,0x0
77:16,,0x0
77:17,,0x0
77:18,,0x0
77:19,,0x0
77:20,,0x0
77:21,,0x0
77:22,,0x0
77:23,,0x0
77:24,,0x0
77:25,,0x0
77:26,,0x0
77:27,,0x0
77:28,,0x0
77:29,,0x0
77:30,,0x0
77:31,,0x0
77:32,,0x0
77:33,,0x0
77:34,,0x0
77:35,,0x0
77:36,,0x0
77:37,,0x0
77:38,,0x0
77:39,,0x0
77:40,,0x0
77:41,,0x0
77:42,,0x0
77:43,,0x0
77:44,,0x0
77:45,,0x0
77:46,,0x0
77:47,,0x0
77:48,,0x0
77:49,,0x0
77:50,,0x0
77:51,,0x0
77:52,,0x0
77:53,,0x0
77:54,,0x0
77:55,,0x0
77:56,,0x0
77:57,,0x0
77:58,,0x0
77:59,,0x0
78:00,,0x0
78:01,,0x0
78:02,,0x0
78:03,,0x0
78:04,,0x0
78:05,,0x0
78:06,,0x0
78:07,,0x0
78:08,,0x0
78:09,,0x0
78:10,,0x0
78:11,,0x0
78:12,,0x0
78:13,,0x0
78:14,,0x0
78:15,,0x0
78:16,,0x0
78:17,,0x0
78:18,,0x0
78:19,,0x0
78:20,,0x0
78:21,,0x0
78:22,,0x0
78:23,,0x0
78:24,,0x0
78:25,,0x0
78:26,,0x0
78:27,,0x0
78:28,,0x0
78:29,,0x0
78:30,,0x0
78:31,,0x0
78:32,,0x0
78:33,,0x0
78:34,,0x0
78:35,,0x0
78:36,,0x0
78:37,,0x0
78:38,,0x0
78:39,,0x0
78:40,,0x0
78:41,,0x0
78:42,,0x0
78:43,,0x0
78:44,,0x0
78:45,,0x0
78:46,,0x0
78:47,,0x0
78:48,,0x0
78:49,,0x0
78:50,,0x0
78:51,,0x0
78:52,,0x0
78:53,,0x0
78:54,,0x0
78:55,,0x0
78:56,,0x0
78:57,,0x0
78:58,,0x0
78:59,,0x0
79:00,,0x0
79:01,,0x0
79:02,,0x0
79:03,,0x0
79:04,,0x0
79:05,,0x0
79:06,,0x0
79:07,,0x0
79:08,,0x0
79:09,,0x0
79:10,,0x0
79:11,,0x0
79:12,,0x0
79:13,,0x0
79:14,,0x0
79:15,,0x0
79:16,,0x0
79:17,,0x0
79:18,,0x0
79:19,,0x0
79:20,,0x0
79:21,,0x0
79:22,,0x0
79:23,,0x0
79:24,,0x0
79:25,,0x0
79:26,,0x0
79:27,,0x0
79:28,,0x0
79:29,,0x0
79:30,,0x0
79:31,,0x0
79:32,,0x0
79:33,,0x0
79:34,,0x0
79:35,,0x0
79:36,,0x0
79:37,,0x0
79:38,,0x0
79:39,,0x0
79:40,,0x0
79:41,,0x0
79:42,,0x0
79:43,,0x0
79:44,,0x0
79:45,,0x0
79:46,,0x0
79:47,,0x0
79:48,,0x0
79:49,,0x0
79:50,,0x0
79:51,,0x0
79:52,,0x0
79:53,,0x0
79:54,,0x0
79:55,,0x0
79:56,,0x0
79:57,,0x0
79:58,,0x0
79:59,,0x0
80:00,,0x0
80:01,,0x0
80:02,,0x0
80:03,,0x0
80:04,,0x0
80:05,,0x0
80:06,,0x0
80:07,,0x0
80:08,,0x0
80:09,,0x0
80:10,,0x0
80:11,,0x0
80:12,,0x0
80:13,,0x0
80:14,,0x0
80:15,,0x0
80:16,,0x0
80:17,,0x0
80:18,,0x0
80:19,,0x0
80:20,,0x0
80:21,,0x0
80:22,,0x0
80:23,,0x0
80:24,,0x0
80:25,,0x0
80:26,,0x0
80:27,,0x0
80:28,,0x0
80:29,,0x0
80:30,,0x0
80:31,,0x0
80:32,,0x0
80:33,,0x0
80:34,,0x0
80:35,,0x0
80:36,,0x0
80:37,,0x0
80:38,,0x0
80:39,,0x0
80:40,,0x0
80:41,,0x0
80:42,,0x0
80:43,,0x0
80:44,,0x0
80:45,,0x0
80:46,,0x0
80:47,,0x0
80:48,,0x0
80:49,,0x0
80:50,,0x0
80:51,,0x0
80:52,,0x0
80:53,,0x0
80:54,,0x0
80:55,,0x0
80:56,,0x0
80:57,,0x0
80:58,,0x0
80:59,,0x0
81:00,,0x0
81:01,,0x0
81:02,,0x0
81:03,,0x0
81:04,,0x0
81:05,,0x0
81:06,,0x0
81:07,,0x0
81:08,,0x0
81:09,,0x0
81:10,,0x0
81:11,,0x0
81:12,,0x0
81:13,,0x0
81:14,,0x0
81:15,,0x0
81:16,,0x0
81:17,,0x0
81:18,,0x0
81:19,,0x0
81:20,,0x0
81:21,,0x0
81:22,,0x0
81:23,,0x0
81:24,,0x0
81:25,,0x0
81:26,,0x0
81:27,,0x0
81:28,,0x0
81:29,,0x0
81:30,,0x0
81:31,,0x0
81:32,,0x0
81:33,,0x0
81:34,,0x0
81:35,,0x0
81:36,,0x0
81:37,,0x0
81:38,,0x0
81:39,,0x0
81:40,,0x0
81:41,,0x0
81:42,,0x0
81:43,,0x0
81:44,,0x0
81:45,,0x0
81:46,,0x0
81:47,,0x0
81:48,,0x0
81:49,,0x0
81:50,,0x0
81:51,,0x0
81:52,,0x0
81:53,,0x0
81:54,,0x0
81:55,,0x0
81:56,,0x0
81:57,,0x0
81:58,,0x0
81:59,,0x0
82:00,,0x0
82:01,,0x0
82:02,,0x0
82:03,,0x0
82:04,,0x0
82:05,,0x0
82:06,,0x0
82:07,,0x0
82:08,,0x0
82:09,,0x0
82:10,,0x0
82:11,,0x0
82:12,,0x0
82:13,,0x0
82:14,,0x0
82:15,,0x0
82:16,,0x0
82:17,,0x0
82:18,,0x0
82:19,,0x0
82:20,,0x0
82:21,,0x0
82:22,,0x0
82:23,,0x0
82:24,,0x0
82:25,,0x0
82:26,,0x0
82:27,,0x0
82:28,,0x0
82:29,,0x0
82:30,,0x0
82:31,,0x0
82:32,,0x0
82:33,,0x0
82:34,,0x0
82:35,,0x0
82:36,,0x0
82:37,,0x0
82:38,,0x0
82:39,,0x0
82:40,,0x0
82:41,,0x0
82:42,,0x0
82:43,,0x0
82:44,,0x0
82:45,,0x0
82:46,,0x0
82:47,,0x0
82:48,,0x0
82:49,,0x0
82:50,,0x0
82:51,,0x0
82:52,,0x0
82:53,,0x0
82:54,,0x0
82:55,,0x0
82:56,,0x0
82:57,,0x0
82:58,,0x0
82:59,,0x0
83:00,,0x0
83:01,,0x0
83:02,,0x0
83:03,,0x0
83:04,,0x0
83:05,,0x0
83:06,,0x0
